-- MariaDB dump 10.19  Distrib 10.5.19-MariaDB, for debian-linux-gnu (x86_64)
--
-- Host: localhost    Database: new_mcd
-- ------------------------------------------------------
-- Server version	10.5.19-MariaDB-0+deb11u2

/*!40101 SET @OLD_CHARACTER_SET_CLIENT=@@CHARACTER_SET_CLIENT */;
/*!40101 SET @OLD_CHARACTER_SET_RESULTS=@@CHARACTER_SET_RESULTS */;
/*!40101 SET @OLD_COLLATION_CONNECTION=@@COLLATION_CONNECTION */;
/*!40101 SET NAMES utf8mb4 */;
/*!40103 SET @OLD_TIME_ZONE=@@TIME_ZONE */;
/*!40103 SET TIME_ZONE='+00:00' */;
/*!40014 SET @OLD_UNIQUE_CHECKS=@@UNIQUE_CHECKS, UNIQUE_CHECKS=0 */;
/*!40014 SET @OLD_FOREIGN_KEY_CHECKS=@@FOREIGN_KEY_CHECKS, FOREIGN_KEY_CHECKS=0 */;
/*!40101 SET @OLD_SQL_MODE=@@SQL_MODE, SQL_MODE='NO_AUTO_VALUE_ON_ZERO' */;
/*!40111 SET @OLD_SQL_NOTES=@@SQL_NOTES, SQL_NOTES=0 */;

--
-- Table structure for table `Categorie`
--

DROP TABLE IF EXISTS `Categorie`;
/*!40101 SET @saved_cs_client     = @@character_set_client */;
/*!40101 SET character_set_client = utf8 */;
CREATE TABLE `Categorie` (
  `Id_Categorie` int(11) NOT NULL AUTO_INCREMENT,
  `type` varchar(50) DEFAULT NULL,
  PRIMARY KEY (`Id_Categorie`)
) ENGINE=InnoDB AUTO_INCREMENT=4 DEFAULT CHARSET=utf8mb4 COLLATE=utf8mb4_unicode_ci;
/*!40101 SET character_set_client = @saved_cs_client */;

--
-- Dumping data for table `Categorie`
--

LOCK TABLES `Categorie` WRITE;
/*!40000 ALTER TABLE `Categorie` DISABLE KEYS */;
INSERT INTO `Categorie` VALUES (1,'entrée'),(2,'plat'),(3,'dessert');
/*!40000 ALTER TABLE `Categorie` ENABLE KEYS */;
UNLOCK TABLES;

--
-- Table structure for table `Commandes`
--

DROP TABLE IF EXISTS `Commandes`;
/*!40101 SET @saved_cs_client     = @@character_set_client */;
/*!40101 SET character_set_client = utf8 */;
CREATE TABLE `Commandes` (
  `Id_Commandes` int(11) NOT NULL AUTO_INCREMENT,
  `etat` varchar(50) DEFAULT NULL,
  `date_de_commande` datetime DEFAULT NULL,
  `Id_Utilisateur` int(11) DEFAULT NULL,
  `Id_Utilisateur_1` int(11) DEFAULT NULL,
  PRIMARY KEY (`Id_Commandes`),
  KEY `Id_Utilisateur` (`Id_Utilisateur`),
  KEY `Id_Utilisateur_1` (`Id_Utilisateur_1`),
  CONSTRAINT `Commandes_ibfk_1` FOREIGN KEY (`Id_Utilisateur`) REFERENCES `Utilisateur` (`Id_Utilisateur`),
  CONSTRAINT `Commandes_ibfk_2` FOREIGN KEY (`Id_Utilisateur_1`) REFERENCES `Utilisateur` (`Id_Utilisateur`)
) ENGINE=InnoDB DEFAULT CHARSET=utf8mb4 COLLATE=utf8mb4_general_ci;
/*!40101 SET character_set_client = @saved_cs_client */;

--
-- Dumping data for table `Commandes`
--

LOCK TABLES `Commandes` WRITE;
/*!40000 ALTER TABLE `Commandes` DISABLE KEYS */;
/*!40000 ALTER TABLE `Commandes` ENABLE KEYS */;
UNLOCK TABLES;

--
-- Table structure for table `Ligne_Commande`
--

DROP TABLE IF EXISTS `Ligne_Commande`;
/*!40101 SET @saved_cs_client     = @@character_set_client */;
/*!40101 SET character_set_client = utf8 */;
CREATE TABLE `Ligne_Commande` (
  `Id_Produit` int(11) NOT NULL,
  `Id_Commandes` int(11) NOT NULL,
  PRIMARY KEY (`Id_Produit`,`Id_Commandes`),
  KEY `IDX_562ADC577D87F1B` (`Id_Produit`),
  KEY `IDX_562ADC52F21CD50` (`Id_Commandes`),
  CONSTRAINT `FK_562ADC52F21CD50` FOREIGN KEY (`Id_Commandes`) REFERENCES `Commandes` (`Id_Commandes`),
  CONSTRAINT `FK_562ADC577D87F1B` FOREIGN KEY (`Id_Produit`) REFERENCES `Produit` (`Id_Produit`)
) ENGINE=InnoDB DEFAULT CHARSET=utf8mb4 COLLATE=utf8mb4_unicode_ci;
/*!40101 SET character_set_client = @saved_cs_client */;

--
-- Dumping data for table `Ligne_Commande`
--

LOCK TABLES `Ligne_Commande` WRITE;
/*!40000 ALTER TABLE `Ligne_Commande` DISABLE KEYS */;
/*!40000 ALTER TABLE `Ligne_Commande` ENABLE KEYS */;
UNLOCK TABLES;

--
-- Table structure for table `Produit`
--

DROP TABLE IF EXISTS `Produit`;
/*!40101 SET @saved_cs_client     = @@character_set_client */;
/*!40101 SET character_set_client = utf8 */;
CREATE TABLE `Produit` (
  `Id_Produit` int(11) NOT NULL AUTO_INCREMENT,
  `nom` varchar(50) DEFAULT NULL,
  `prixHT` decimal(15,2) DEFAULT NULL,
  `tva` decimal(15,2) DEFAULT NULL,
  `photo` varchar(255) DEFAULT NULL,
  `Id_Categorie` int(11) DEFAULT NULL,
  PRIMARY KEY (`Id_Produit`),
  KEY `Id_Categorie` (`Id_Categorie`),
  CONSTRAINT `FK_E618D5BB53883348` FOREIGN KEY (`Id_Categorie`) REFERENCES `Categorie` (`Id_Categorie`)
) ENGINE=InnoDB AUTO_INCREMENT=19 DEFAULT CHARSET=utf8mb4 COLLATE=utf8mb4_general_ci;
/*!40101 SET character_set_client = @saved_cs_client */;

--
-- Dumping data for table `Produit`
--

LOCK TABLES `Produit` WRITE;
/*!40000 ALTER TABLE `Produit` DISABLE KEYS */;
INSERT INTO `Produit` VALUES (1,'Salade Choux',10.00,20.00,'images/salchoux.jpg',1),(2,'Salade Wakame',6.00,20.00,'images/salwakame.jpg',1),(3,'Salade Fève de soja',6.00,20.00,'images/salsoja.jpg',1),(4,'Salade Crevettes',8.00,20.00,'images/salcrev.jpg',1),(5,'Soupe Miso',6.00,20.00,'images/miso.jpg',1),(6,'Ramen crevettes',6.00,20.00,'images/ramcrev.jpg',1),(7,'Ramen Poulet',8.00,20.00,'images/rampoulet.jpg',1),(8,'Makis',14.00,20.00,'images/makis.jpg',2),(9,'California Rolls',19.00,20.00,'images/california.jpg',2),(10,'Spring Rolls',17.00,20.00,'images/spring.jpg',2),(11,'Sushi Saumon',18.00,20.00,'images/sushisaumon.jpg',2),(12,'Sushi Thon',13.00,20.00,'images/sushithon.jpg',2),(13,'Sushi Crevettes',13.00,20.00,'images/sushicrevettes.jpg',2),(14,'Sushi Daurade',18.00,20.00,'images/sushidaurade.jpg',2),(15,'Sushi Anguille',12.00,20.00,'images/sushianguille.jpg',2),(16,'Moelleux Chocolat',6.00,20.00,'images/moelleux.jpg',3),(17,'Maki Nutella banane',7.00,20.00,'images/nutban.jpg',3),(18,'Crispy Nutella pané',5.00,20.00,'images/crispy.jpg',3);
/*!40000 ALTER TABLE `Produit` ENABLE KEYS */;
UNLOCK TABLES;

--
-- Table structure for table `Utilisateur`
--

DROP TABLE IF EXISTS `Utilisateur`;
/*!40101 SET @saved_cs_client     = @@character_set_client */;
/*!40101 SET character_set_client = utf8 */;
CREATE TABLE `Utilisateur` (
  `Id_Utilisateur` int(11) NOT NULL AUTO_INCREMENT,
  `nom` varchar(50) DEFAULT 'NULL',
  `prenom` varchar(50) DEFAULT 'NULL',
  `tel` int(11) DEFAULT NULL,
  `email` varchar(255) NOT NULL,
  `password` varchar(255) NOT NULL,
  `roles` longtext NOT NULL COMMENT '(DC2Type:json)',
  `adresse` varchar(50) DEFAULT 'NULL',
  `dateNaissance` date DEFAULT '1000-01-01',
  PRIMARY KEY (`Id_Utilisateur`),
  UNIQUE KEY `email` (`email`)
) ENGINE=InnoDB AUTO_INCREMENT=4 DEFAULT CHARSET=utf8mb4 COLLATE=utf8mb4_general_ci;
/*!40101 SET character_set_client = @saved_cs_client */;

--
-- Dumping data for table `Utilisateur`
--

LOCK TABLES `Utilisateur` WRITE;
/*!40000 ALTER TABLE `Utilisateur` DISABLE KEYS */;
INSERT INTO `Utilisateur` VALUES (1,'admin','root',676511451,'admin@fastsushi.com','$2a$04$gYGrBoZSHP0rqY9.yTJCN.cPL/59Ut6Vb6ODaA.4Blxr9VkU6a4Fq','[\"ROLE_ADMIN\"]','5 rue des admins','1989-05-08'),(2,'préparateur','fastsushi',676511451,'preparateur@fastsushi.com','$2a$04$1Xi7yCgEl7ypi5BxF5WCE.UbixITtM5UUHRLYCnk9tDT4gNFVCnVS','[\"ROLE_PREP\"]','3 allées des préparateurs','2000-06-12'),(3,'client','fastsushi',676511451,'client@fastsushi.com','$2a$04$lTgc20sMaPq/1xSnz.0Y/.AZ.ls6xIWYz6qDS9oh/5dsbPKElh4a6','[\"ROLE_USER\"]','12 rue du client','2002-01-01');
/*!40000 ALTER TABLE `Utilisateur` ENABLE KEYS */;
UNLOCK TABLES;

--
-- Table structure for table `commande_item`
--

DROP TABLE IF EXISTS `commande_item`;
/*!40101 SET @saved_cs_client     = @@character_set_client */;
/*!40101 SET character_set_client = utf8 */;
CREATE TABLE `commande_item` (
  `id` int(11) NOT NULL AUTO_INCREMENT,
  `quantite` int(11) NOT NULL,
  `Id_Produit` int(11) DEFAULT NULL,
  `Id_Commandes` int(11) DEFAULT NULL,
  PRIMARY KEY (`id`),
  KEY `IDX_747724FD77D87F1B` (`Id_Produit`),
  KEY `IDX_747724FD2F21CD50` (`Id_Commandes`),
  CONSTRAINT `FK_747724FD2F21CD50` FOREIGN KEY (`Id_Commandes`) REFERENCES `Commandes` (`Id_Commandes`),
  CONSTRAINT `FK_747724FD77D87F1B` FOREIGN KEY (`Id_Produit`) REFERENCES `Produit` (`Id_Produit`)
) ENGINE=InnoDB AUTO_INCREMENT=40 DEFAULT CHARSET=utf8mb4 COLLATE=utf8mb4_unicode_ci;
/*!40101 SET character_set_client = @saved_cs_client */;

--
-- Dumping data for table `commande_item`
--

LOCK TABLES `commande_item` WRITE;
/*!40000 ALTER TABLE `commande_item` DISABLE KEYS */;
/*!40000 ALTER TABLE `commande_item` ENABLE KEYS */;
UNLOCK TABLES;

--
-- Table structure for table `doctrine_migration_versions`
--

DROP TABLE IF EXISTS `doctrine_migration_versions`;
/*!40101 SET @saved_cs_client     = @@character_set_client */;
/*!40101 SET character_set_client = utf8 */;
CREATE TABLE `doctrine_migration_versions` (
  `version` varchar(191) NOT NULL,
  `executed_at` datetime DEFAULT NULL,
  `execution_time` int(11) DEFAULT NULL,
  PRIMARY KEY (`version`)
) ENGINE=InnoDB DEFAULT CHARSET=utf8 COLLATE=utf8_unicode_ci;
/*!40101 SET character_set_client = @saved_cs_client */;

--
-- Dumping data for table `doctrine_migration_versions`
--

LOCK TABLES `doctrine_migration_versions` WRITE;
/*!40000 ALTER TABLE `doctrine_migration_versions` DISABLE KEYS */;
INSERT INTO `doctrine_migration_versions` VALUES ('DoctrineMigrations\\Version20230428094954','2023-05-03 15:13:32',44),('DoctrineMigrations\\Version20230503140335','2023-05-22 19:57:38',33);
/*!40000 ALTER TABLE `doctrine_migration_versions` ENABLE KEYS */;
UNLOCK TABLES;

--
-- Table structure for table `messenger_messages`
--

DROP TABLE IF EXISTS `messenger_messages`;
/*!40101 SET @saved_cs_client     = @@character_set_client */;
/*!40101 SET character_set_client = utf8 */;
CREATE TABLE `messenger_messages` (
  `id` bigint(20) NOT NULL AUTO_INCREMENT,
  `body` longtext NOT NULL,
  `headers` longtext NOT NULL,
  `queue_name` varchar(190) NOT NULL,
  `created_at` datetime NOT NULL,
  `available_at` datetime NOT NULL,
  `delivered_at` datetime DEFAULT NULL,
  PRIMARY KEY (`id`),
  KEY `IDX_75EA56E0FB7336F0` (`queue_name`),
  KEY `IDX_75EA56E0E3BD61CE` (`available_at`),
  KEY `IDX_75EA56E016BA31DB` (`delivered_at`)
) ENGINE=InnoDB AUTO_INCREMENT=16 DEFAULT CHARSET=utf8mb4 COLLATE=utf8mb4_unicode_ci;
/*!40101 SET character_set_client = @saved_cs_client */;

--
-- Dumping data for table `messenger_messages`
--

LOCK TABLES `messenger_messages` WRITE;
/*!40000 ALTER TABLE `messenger_messages` DISABLE KEYS */;
INSERT INTO `messenger_messages` VALUES (1,'O:36:\\\"Symfony\\\\Component\\\\Messenger\\\\Envelope\\\":2:{s:44:\\\"\\0Symfony\\\\Component\\\\Messenger\\\\Envelope\\0stamps\\\";a:1:{s:46:\\\"Symfony\\\\Component\\\\Messenger\\\\Stamp\\\\BusNameStamp\\\";a:1:{i:0;O:46:\\\"Symfony\\\\Component\\\\Messenger\\\\Stamp\\\\BusNameStamp\\\":1:{s:55:\\\"\\0Symfony\\\\Component\\\\Messenger\\\\Stamp\\\\BusNameStamp\\0busName\\\";s:21:\\\"messenger.bus.default\\\";}}}s:45:\\\"\\0Symfony\\\\Component\\\\Messenger\\\\Envelope\\0message\\\";O:51:\\\"Symfony\\\\Component\\\\Mailer\\\\Messenger\\\\SendEmailMessage\\\":2:{s:60:\\\"\\0Symfony\\\\Component\\\\Mailer\\\\Messenger\\\\SendEmailMessage\\0message\\\";O:39:\\\"Symfony\\\\Bridge\\\\Twig\\\\Mime\\\\TemplatedEmail\\\":4:{i:0;s:30:\\\"reset_password/email.html.twig\\\";i:1;N;i:2;a:1:{s:10:\\\"resetToken\\\";O:58:\\\"SymfonyCasts\\\\Bundle\\\\ResetPassword\\\\Model\\\\ResetPasswordToken\\\":4:{s:65:\\\"\\0SymfonyCasts\\\\Bundle\\\\ResetPassword\\\\Model\\\\ResetPasswordToken\\0token\\\";s:40:\\\"wlrzXSQYPJJ6HBNMHAG64wQ6XsjIz4R3iCGUHk68\\\";s:69:\\\"\\0SymfonyCasts\\\\Bundle\\\\ResetPassword\\\\Model\\\\ResetPasswordToken\\0expiresAt\\\";O:17:\\\"DateTimeImmutable\\\":3:{s:4:\\\"date\\\";s:26:\\\"2023-05-26 21:25:42.559321\\\";s:13:\\\"timezone_type\\\";i:3;s:8:\\\"timezone\\\";s:13:\\\"Europe/Berlin\\\";}s:71:\\\"\\0SymfonyCasts\\\\Bundle\\\\ResetPassword\\\\Model\\\\ResetPasswordToken\\0generatedAt\\\";i:1685125542;s:73:\\\"\\0SymfonyCasts\\\\Bundle\\\\ResetPassword\\\\Model\\\\ResetPasswordToken\\0transInterval\\\";i:1;}}i:3;a:6:{i:0;N;i:1;N;i:2;N;i:3;N;i:4;a:0:{}i:5;a:2:{i:0;O:37:\\\"Symfony\\\\Component\\\\Mime\\\\Header\\\\Headers\\\":2:{s:46:\\\"\\0Symfony\\\\Component\\\\Mime\\\\Header\\\\Headers\\0headers\\\";a:3:{s:4:\\\"from\\\";a:1:{i:0;O:47:\\\"Symfony\\\\Component\\\\Mime\\\\Header\\\\MailboxListHeader\\\":5:{s:58:\\\"\\0Symfony\\\\Component\\\\Mime\\\\Header\\\\MailboxListHeader\\0addresses\\\";a:1:{i:0;O:30:\\\"Symfony\\\\Component\\\\Mime\\\\Address\\\":2:{s:39:\\\"\\0Symfony\\\\Component\\\\Mime\\\\Address\\0address\\\";s:39:\\\"olivier.nart@formation-technologique.fr\\\";s:36:\\\"\\0Symfony\\\\Component\\\\Mime\\\\Address\\0name\\\";s:9:\\\"FastSushi\\\";}}s:50:\\\"\\0Symfony\\\\Component\\\\Mime\\\\Header\\\\AbstractHeader\\0name\\\";s:4:\\\"From\\\";s:56:\\\"\\0Symfony\\\\Component\\\\Mime\\\\Header\\\\AbstractHeader\\0lineLength\\\";i:76;s:50:\\\"\\0Symfony\\\\Component\\\\Mime\\\\Header\\\\AbstractHeader\\0lang\\\";N;s:53:\\\"\\0Symfony\\\\Component\\\\Mime\\\\Header\\\\AbstractHeader\\0charset\\\";s:5:\\\"utf-8\\\";}}s:2:\\\"to\\\";a:1:{i:0;O:47:\\\"Symfony\\\\Component\\\\Mime\\\\Header\\\\MailboxListHeader\\\":5:{s:58:\\\"\\0Symfony\\\\Component\\\\Mime\\\\Header\\\\MailboxListHeader\\0addresses\\\";a:1:{i:0;O:30:\\\"Symfony\\\\Component\\\\Mime\\\\Address\\\":2:{s:39:\\\"\\0Symfony\\\\Component\\\\Mime\\\\Address\\0address\\\";s:25:\\\"olivier03032002@gmail.com\\\";s:36:\\\"\\0Symfony\\\\Component\\\\Mime\\\\Address\\0name\\\";s:0:\\\"\\\";}}s:50:\\\"\\0Symfony\\\\Component\\\\Mime\\\\Header\\\\AbstractHeader\\0name\\\";s:2:\\\"To\\\";s:56:\\\"\\0Symfony\\\\Component\\\\Mime\\\\Header\\\\AbstractHeader\\0lineLength\\\";i:76;s:50:\\\"\\0Symfony\\\\Component\\\\Mime\\\\Header\\\\AbstractHeader\\0lang\\\";N;s:53:\\\"\\0Symfony\\\\Component\\\\Mime\\\\Header\\\\AbstractHeader\\0charset\\\";s:5:\\\"utf-8\\\";}}s:7:\\\"subject\\\";a:1:{i:0;O:48:\\\"Symfony\\\\Component\\\\Mime\\\\Header\\\\UnstructuredHeader\\\":5:{s:55:\\\"\\0Symfony\\\\Component\\\\Mime\\\\Header\\\\UnstructuredHeader\\0value\\\";s:27:\\\"Your password reset request\\\";s:50:\\\"\\0Symfony\\\\Component\\\\Mime\\\\Header\\\\AbstractHeader\\0name\\\";s:7:\\\"Subject\\\";s:56:\\\"\\0Symfony\\\\Component\\\\Mime\\\\Header\\\\AbstractHeader\\0lineLength\\\";i:76;s:50:\\\"\\0Symfony\\\\Component\\\\Mime\\\\Header\\\\AbstractHeader\\0lang\\\";N;s:53:\\\"\\0Symfony\\\\Component\\\\Mime\\\\Header\\\\AbstractHeader\\0charset\\\";s:5:\\\"utf-8\\\";}}}s:49:\\\"\\0Symfony\\\\Component\\\\Mime\\\\Header\\\\Headers\\0lineLength\\\";i:76;}i:1;N;}}}s:61:\\\"\\0Symfony\\\\Component\\\\Mailer\\\\Messenger\\\\SendEmailMessage\\0envelope\\\";N;}}','[]','default','2023-05-26 20:25:42','2023-05-26 20:25:42',NULL),(2,'O:36:\\\"Symfony\\\\Component\\\\Messenger\\\\Envelope\\\":2:{s:44:\\\"\\0Symfony\\\\Component\\\\Messenger\\\\Envelope\\0stamps\\\";a:1:{s:46:\\\"Symfony\\\\Component\\\\Messenger\\\\Stamp\\\\BusNameStamp\\\";a:1:{i:0;O:46:\\\"Symfony\\\\Component\\\\Messenger\\\\Stamp\\\\BusNameStamp\\\":1:{s:55:\\\"\\0Symfony\\\\Component\\\\Messenger\\\\Stamp\\\\BusNameStamp\\0busName\\\";s:21:\\\"messenger.bus.default\\\";}}}s:45:\\\"\\0Symfony\\\\Component\\\\Messenger\\\\Envelope\\0message\\\";O:51:\\\"Symfony\\\\Component\\\\Mailer\\\\Messenger\\\\SendEmailMessage\\\":2:{s:60:\\\"\\0Symfony\\\\Component\\\\Mailer\\\\Messenger\\\\SendEmailMessage\\0message\\\";O:39:\\\"Symfony\\\\Bridge\\\\Twig\\\\Mime\\\\TemplatedEmail\\\":4:{i:0;s:30:\\\"reset_password/email.html.twig\\\";i:1;N;i:2;a:1:{s:10:\\\"resetToken\\\";O:58:\\\"SymfonyCasts\\\\Bundle\\\\ResetPassword\\\\Model\\\\ResetPasswordToken\\\":4:{s:65:\\\"\\0SymfonyCasts\\\\Bundle\\\\ResetPassword\\\\Model\\\\ResetPasswordToken\\0token\\\";s:40:\\\"cFhDhSaJ5QKZTK34s0ldmGDTHPvnjsxer1cQ4tTf\\\";s:69:\\\"\\0SymfonyCasts\\\\Bundle\\\\ResetPassword\\\\Model\\\\ResetPasswordToken\\0expiresAt\\\";O:17:\\\"DateTimeImmutable\\\":3:{s:4:\\\"date\\\";s:26:\\\"2023-05-27 10:23:07.734179\\\";s:13:\\\"timezone_type\\\";i:3;s:8:\\\"timezone\\\";s:13:\\\"Europe/Berlin\\\";}s:71:\\\"\\0SymfonyCasts\\\\Bundle\\\\ResetPassword\\\\Model\\\\ResetPasswordToken\\0generatedAt\\\";i:1685172187;s:73:\\\"\\0SymfonyCasts\\\\Bundle\\\\ResetPassword\\\\Model\\\\ResetPasswordToken\\0transInterval\\\";i:1;}}i:3;a:6:{i:0;N;i:1;N;i:2;N;i:3;N;i:4;a:0:{}i:5;a:2:{i:0;O:37:\\\"Symfony\\\\Component\\\\Mime\\\\Header\\\\Headers\\\":2:{s:46:\\\"\\0Symfony\\\\Component\\\\Mime\\\\Header\\\\Headers\\0headers\\\";a:3:{s:4:\\\"from\\\";a:1:{i:0;O:47:\\\"Symfony\\\\Component\\\\Mime\\\\Header\\\\MailboxListHeader\\\":5:{s:58:\\\"\\0Symfony\\\\Component\\\\Mime\\\\Header\\\\MailboxListHeader\\0addresses\\\";a:1:{i:0;O:30:\\\"Symfony\\\\Component\\\\Mime\\\\Address\\\":2:{s:39:\\\"\\0Symfony\\\\Component\\\\Mime\\\\Address\\0address\\\";s:24:\\\"onartfastsushi@gmail.com\\\";s:36:\\\"\\0Symfony\\\\Component\\\\Mime\\\\Address\\0name\\\";s:9:\\\"FastSushi\\\";}}s:50:\\\"\\0Symfony\\\\Component\\\\Mime\\\\Header\\\\AbstractHeader\\0name\\\";s:4:\\\"From\\\";s:56:\\\"\\0Symfony\\\\Component\\\\Mime\\\\Header\\\\AbstractHeader\\0lineLength\\\";i:76;s:50:\\\"\\0Symfony\\\\Component\\\\Mime\\\\Header\\\\AbstractHeader\\0lang\\\";N;s:53:\\\"\\0Symfony\\\\Component\\\\Mime\\\\Header\\\\AbstractHeader\\0charset\\\";s:5:\\\"utf-8\\\";}}s:2:\\\"to\\\";a:1:{i:0;O:47:\\\"Symfony\\\\Component\\\\Mime\\\\Header\\\\MailboxListHeader\\\":5:{s:58:\\\"\\0Symfony\\\\Component\\\\Mime\\\\Header\\\\MailboxListHeader\\0addresses\\\";a:1:{i:0;O:30:\\\"Symfony\\\\Component\\\\Mime\\\\Address\\\":2:{s:39:\\\"\\0Symfony\\\\Component\\\\Mime\\\\Address\\0address\\\";s:25:\\\"olivier03032002@gmail.com\\\";s:36:\\\"\\0Symfony\\\\Component\\\\Mime\\\\Address\\0name\\\";s:0:\\\"\\\";}}s:50:\\\"\\0Symfony\\\\Component\\\\Mime\\\\Header\\\\AbstractHeader\\0name\\\";s:2:\\\"To\\\";s:56:\\\"\\0Symfony\\\\Component\\\\Mime\\\\Header\\\\AbstractHeader\\0lineLength\\\";i:76;s:50:\\\"\\0Symfony\\\\Component\\\\Mime\\\\Header\\\\AbstractHeader\\0lang\\\";N;s:53:\\\"\\0Symfony\\\\Component\\\\Mime\\\\Header\\\\AbstractHeader\\0charset\\\";s:5:\\\"utf-8\\\";}}s:7:\\\"subject\\\";a:1:{i:0;O:48:\\\"Symfony\\\\Component\\\\Mime\\\\Header\\\\UnstructuredHeader\\\":5:{s:55:\\\"\\0Symfony\\\\Component\\\\Mime\\\\Header\\\\UnstructuredHeader\\0value\\\";s:27:\\\"Your password reset request\\\";s:50:\\\"\\0Symfony\\\\Component\\\\Mime\\\\Header\\\\AbstractHeader\\0name\\\";s:7:\\\"Subject\\\";s:56:\\\"\\0Symfony\\\\Component\\\\Mime\\\\Header\\\\AbstractHeader\\0lineLength\\\";i:76;s:50:\\\"\\0Symfony\\\\Component\\\\Mime\\\\Header\\\\AbstractHeader\\0lang\\\";N;s:53:\\\"\\0Symfony\\\\Component\\\\Mime\\\\Header\\\\AbstractHeader\\0charset\\\";s:5:\\\"utf-8\\\";}}}s:49:\\\"\\0Symfony\\\\Component\\\\Mime\\\\Header\\\\Headers\\0lineLength\\\";i:76;}i:1;N;}}}s:61:\\\"\\0Symfony\\\\Component\\\\Mailer\\\\Messenger\\\\SendEmailMessage\\0envelope\\\";N;}}','[]','default','2023-05-27 09:23:07','2023-05-27 09:23:07',NULL),(3,'O:36:\\\"Symfony\\\\Component\\\\Messenger\\\\Envelope\\\":2:{s:44:\\\"\\0Symfony\\\\Component\\\\Messenger\\\\Envelope\\0stamps\\\";a:1:{s:46:\\\"Symfony\\\\Component\\\\Messenger\\\\Stamp\\\\BusNameStamp\\\";a:1:{i:0;O:46:\\\"Symfony\\\\Component\\\\Messenger\\\\Stamp\\\\BusNameStamp\\\":1:{s:55:\\\"\\0Symfony\\\\Component\\\\Messenger\\\\Stamp\\\\BusNameStamp\\0busName\\\";s:21:\\\"messenger.bus.default\\\";}}}s:45:\\\"\\0Symfony\\\\Component\\\\Messenger\\\\Envelope\\0message\\\";O:51:\\\"Symfony\\\\Component\\\\Mailer\\\\Messenger\\\\SendEmailMessage\\\":2:{s:60:\\\"\\0Symfony\\\\Component\\\\Mailer\\\\Messenger\\\\SendEmailMessage\\0message\\\";O:39:\\\"Symfony\\\\Bridge\\\\Twig\\\\Mime\\\\TemplatedEmail\\\":4:{i:0;s:30:\\\"reset_password/email.html.twig\\\";i:1;N;i:2;a:1:{s:10:\\\"resetToken\\\";O:58:\\\"SymfonyCasts\\\\Bundle\\\\ResetPassword\\\\Model\\\\ResetPasswordToken\\\":4:{s:65:\\\"\\0SymfonyCasts\\\\Bundle\\\\ResetPassword\\\\Model\\\\ResetPasswordToken\\0token\\\";s:40:\\\"PLcrQ2ozCclOi6bHXbMCWwrUd06PL2KqtQnVTTvK\\\";s:69:\\\"\\0SymfonyCasts\\\\Bundle\\\\ResetPassword\\\\Model\\\\ResetPasswordToken\\0expiresAt\\\";O:17:\\\"DateTimeImmutable\\\":3:{s:4:\\\"date\\\";s:26:\\\"2023-05-27 11:15:04.944898\\\";s:13:\\\"timezone_type\\\";i:3;s:8:\\\"timezone\\\";s:13:\\\"Europe/Berlin\\\";}s:71:\\\"\\0SymfonyCasts\\\\Bundle\\\\ResetPassword\\\\Model\\\\ResetPasswordToken\\0generatedAt\\\";i:1685175304;s:73:\\\"\\0SymfonyCasts\\\\Bundle\\\\ResetPassword\\\\Model\\\\ResetPasswordToken\\0transInterval\\\";i:1;}}i:3;a:6:{i:0;N;i:1;N;i:2;N;i:3;N;i:4;a:0:{}i:5;a:2:{i:0;O:37:\\\"Symfony\\\\Component\\\\Mime\\\\Header\\\\Headers\\\":2:{s:46:\\\"\\0Symfony\\\\Component\\\\Mime\\\\Header\\\\Headers\\0headers\\\";a:3:{s:4:\\\"from\\\";a:1:{i:0;O:47:\\\"Symfony\\\\Component\\\\Mime\\\\Header\\\\MailboxListHeader\\\":5:{s:58:\\\"\\0Symfony\\\\Component\\\\Mime\\\\Header\\\\MailboxListHeader\\0addresses\\\";a:1:{i:0;O:30:\\\"Symfony\\\\Component\\\\Mime\\\\Address\\\":2:{s:39:\\\"\\0Symfony\\\\Component\\\\Mime\\\\Address\\0address\\\";s:24:\\\"onartfastsushi@gmail.com\\\";s:36:\\\"\\0Symfony\\\\Component\\\\Mime\\\\Address\\0name\\\";s:9:\\\"FastSushi\\\";}}s:50:\\\"\\0Symfony\\\\Component\\\\Mime\\\\Header\\\\AbstractHeader\\0name\\\";s:4:\\\"From\\\";s:56:\\\"\\0Symfony\\\\Component\\\\Mime\\\\Header\\\\AbstractHeader\\0lineLength\\\";i:76;s:50:\\\"\\0Symfony\\\\Component\\\\Mime\\\\Header\\\\AbstractHeader\\0lang\\\";N;s:53:\\\"\\0Symfony\\\\Component\\\\Mime\\\\Header\\\\AbstractHeader\\0charset\\\";s:5:\\\"utf-8\\\";}}s:2:\\\"to\\\";a:1:{i:0;O:47:\\\"Symfony\\\\Component\\\\Mime\\\\Header\\\\MailboxListHeader\\\":5:{s:58:\\\"\\0Symfony\\\\Component\\\\Mime\\\\Header\\\\MailboxListHeader\\0addresses\\\";a:1:{i:0;O:30:\\\"Symfony\\\\Component\\\\Mime\\\\Address\\\":2:{s:39:\\\"\\0Symfony\\\\Component\\\\Mime\\\\Address\\0address\\\";s:14:\\\"test@test.test\\\";s:36:\\\"\\0Symfony\\\\Component\\\\Mime\\\\Address\\0name\\\";s:0:\\\"\\\";}}s:50:\\\"\\0Symfony\\\\Component\\\\Mime\\\\Header\\\\AbstractHeader\\0name\\\";s:2:\\\"To\\\";s:56:\\\"\\0Symfony\\\\Component\\\\Mime\\\\Header\\\\AbstractHeader\\0lineLength\\\";i:76;s:50:\\\"\\0Symfony\\\\Component\\\\Mime\\\\Header\\\\AbstractHeader\\0lang\\\";N;s:53:\\\"\\0Symfony\\\\Component\\\\Mime\\\\Header\\\\AbstractHeader\\0charset\\\";s:5:\\\"utf-8\\\";}}s:7:\\\"subject\\\";a:1:{i:0;O:48:\\\"Symfony\\\\Component\\\\Mime\\\\Header\\\\UnstructuredHeader\\\":5:{s:55:\\\"\\0Symfony\\\\Component\\\\Mime\\\\Header\\\\UnstructuredHeader\\0value\\\";s:27:\\\"Your password reset request\\\";s:50:\\\"\\0Symfony\\\\Component\\\\Mime\\\\Header\\\\AbstractHeader\\0name\\\";s:7:\\\"Subject\\\";s:56:\\\"\\0Symfony\\\\Component\\\\Mime\\\\Header\\\\AbstractHeader\\0lineLength\\\";i:76;s:50:\\\"\\0Symfony\\\\Component\\\\Mime\\\\Header\\\\AbstractHeader\\0lang\\\";N;s:53:\\\"\\0Symfony\\\\Component\\\\Mime\\\\Header\\\\AbstractHeader\\0charset\\\";s:5:\\\"utf-8\\\";}}}s:49:\\\"\\0Symfony\\\\Component\\\\Mime\\\\Header\\\\Headers\\0lineLength\\\";i:76;}i:1;N;}}}s:61:\\\"\\0Symfony\\\\Component\\\\Mailer\\\\Messenger\\\\SendEmailMessage\\0envelope\\\";N;}}','[]','default','2023-05-27 10:15:04','2023-05-27 10:15:04',NULL),(4,'O:36:\\\"Symfony\\\\Component\\\\Messenger\\\\Envelope\\\":2:{s:44:\\\"\\0Symfony\\\\Component\\\\Messenger\\\\Envelope\\0stamps\\\";a:1:{s:46:\\\"Symfony\\\\Component\\\\Messenger\\\\Stamp\\\\BusNameStamp\\\";a:1:{i:0;O:46:\\\"Symfony\\\\Component\\\\Messenger\\\\Stamp\\\\BusNameStamp\\\":1:{s:55:\\\"\\0Symfony\\\\Component\\\\Messenger\\\\Stamp\\\\BusNameStamp\\0busName\\\";s:21:\\\"messenger.bus.default\\\";}}}s:45:\\\"\\0Symfony\\\\Component\\\\Messenger\\\\Envelope\\0message\\\";O:51:\\\"Symfony\\\\Component\\\\Mailer\\\\Messenger\\\\SendEmailMessage\\\":2:{s:60:\\\"\\0Symfony\\\\Component\\\\Mailer\\\\Messenger\\\\SendEmailMessage\\0message\\\";O:39:\\\"Symfony\\\\Bridge\\\\Twig\\\\Mime\\\\TemplatedEmail\\\":4:{i:0;s:30:\\\"reset_password/email.html.twig\\\";i:1;N;i:2;a:1:{s:10:\\\"resetToken\\\";O:58:\\\"SymfonyCasts\\\\Bundle\\\\ResetPassword\\\\Model\\\\ResetPasswordToken\\\":4:{s:65:\\\"\\0SymfonyCasts\\\\Bundle\\\\ResetPassword\\\\Model\\\\ResetPasswordToken\\0token\\\";s:40:\\\"GYO0O9ryGcbEB86PTbKudOB8bLkyuWn1FbYwivFk\\\";s:69:\\\"\\0SymfonyCasts\\\\Bundle\\\\ResetPassword\\\\Model\\\\ResetPasswordToken\\0expiresAt\\\";O:17:\\\"DateTimeImmutable\\\":3:{s:4:\\\"date\\\";s:26:\\\"2023-05-27 11:18:45.090631\\\";s:13:\\\"timezone_type\\\";i:3;s:8:\\\"timezone\\\";s:13:\\\"Europe/Berlin\\\";}s:71:\\\"\\0SymfonyCasts\\\\Bundle\\\\ResetPassword\\\\Model\\\\ResetPasswordToken\\0generatedAt\\\";i:1685175525;s:73:\\\"\\0SymfonyCasts\\\\Bundle\\\\ResetPassword\\\\Model\\\\ResetPasswordToken\\0transInterval\\\";i:1;}}i:3;a:6:{i:0;N;i:1;N;i:2;N;i:3;N;i:4;a:0:{}i:5;a:2:{i:0;O:37:\\\"Symfony\\\\Component\\\\Mime\\\\Header\\\\Headers\\\":2:{s:46:\\\"\\0Symfony\\\\Component\\\\Mime\\\\Header\\\\Headers\\0headers\\\";a:3:{s:4:\\\"from\\\";a:1:{i:0;O:47:\\\"Symfony\\\\Component\\\\Mime\\\\Header\\\\MailboxListHeader\\\":5:{s:58:\\\"\\0Symfony\\\\Component\\\\Mime\\\\Header\\\\MailboxListHeader\\0addresses\\\";a:1:{i:0;O:30:\\\"Symfony\\\\Component\\\\Mime\\\\Address\\\":2:{s:39:\\\"\\0Symfony\\\\Component\\\\Mime\\\\Address\\0address\\\";s:24:\\\"onartfastsushi@gmail.com\\\";s:36:\\\"\\0Symfony\\\\Component\\\\Mime\\\\Address\\0name\\\";s:9:\\\"FastSushi\\\";}}s:50:\\\"\\0Symfony\\\\Component\\\\Mime\\\\Header\\\\AbstractHeader\\0name\\\";s:4:\\\"From\\\";s:56:\\\"\\0Symfony\\\\Component\\\\Mime\\\\Header\\\\AbstractHeader\\0lineLength\\\";i:76;s:50:\\\"\\0Symfony\\\\Component\\\\Mime\\\\Header\\\\AbstractHeader\\0lang\\\";N;s:53:\\\"\\0Symfony\\\\Component\\\\Mime\\\\Header\\\\AbstractHeader\\0charset\\\";s:5:\\\"utf-8\\\";}}s:2:\\\"to\\\";a:1:{i:0;O:47:\\\"Symfony\\\\Component\\\\Mime\\\\Header\\\\MailboxListHeader\\\":5:{s:58:\\\"\\0Symfony\\\\Component\\\\Mime\\\\Header\\\\MailboxListHeader\\0addresses\\\";a:1:{i:0;O:30:\\\"Symfony\\\\Component\\\\Mime\\\\Address\\\":2:{s:39:\\\"\\0Symfony\\\\Component\\\\Mime\\\\Address\\0address\\\";s:25:\\\"olivier03032002@gmail.com\\\";s:36:\\\"\\0Symfony\\\\Component\\\\Mime\\\\Address\\0name\\\";s:0:\\\"\\\";}}s:50:\\\"\\0Symfony\\\\Component\\\\Mime\\\\Header\\\\AbstractHeader\\0name\\\";s:2:\\\"To\\\";s:56:\\\"\\0Symfony\\\\Component\\\\Mime\\\\Header\\\\AbstractHeader\\0lineLength\\\";i:76;s:50:\\\"\\0Symfony\\\\Component\\\\Mime\\\\Header\\\\AbstractHeader\\0lang\\\";N;s:53:\\\"\\0Symfony\\\\Component\\\\Mime\\\\Header\\\\AbstractHeader\\0charset\\\";s:5:\\\"utf-8\\\";}}s:7:\\\"subject\\\";a:1:{i:0;O:48:\\\"Symfony\\\\Component\\\\Mime\\\\Header\\\\UnstructuredHeader\\\":5:{s:55:\\\"\\0Symfony\\\\Component\\\\Mime\\\\Header\\\\UnstructuredHeader\\0value\\\";s:27:\\\"Your password reset request\\\";s:50:\\\"\\0Symfony\\\\Component\\\\Mime\\\\Header\\\\AbstractHeader\\0name\\\";s:7:\\\"Subject\\\";s:56:\\\"\\0Symfony\\\\Component\\\\Mime\\\\Header\\\\AbstractHeader\\0lineLength\\\";i:76;s:50:\\\"\\0Symfony\\\\Component\\\\Mime\\\\Header\\\\AbstractHeader\\0lang\\\";N;s:53:\\\"\\0Symfony\\\\Component\\\\Mime\\\\Header\\\\AbstractHeader\\0charset\\\";s:5:\\\"utf-8\\\";}}}s:49:\\\"\\0Symfony\\\\Component\\\\Mime\\\\Header\\\\Headers\\0lineLength\\\";i:76;}i:1;N;}}}s:61:\\\"\\0Symfony\\\\Component\\\\Mailer\\\\Messenger\\\\SendEmailMessage\\0envelope\\\";N;}}','[]','default','2023-05-27 10:18:45','2023-05-27 10:18:45',NULL),(5,'O:36:\\\"Symfony\\\\Component\\\\Messenger\\\\Envelope\\\":2:{s:44:\\\"\\0Symfony\\\\Component\\\\Messenger\\\\Envelope\\0stamps\\\";a:1:{s:46:\\\"Symfony\\\\Component\\\\Messenger\\\\Stamp\\\\BusNameStamp\\\";a:1:{i:0;O:46:\\\"Symfony\\\\Component\\\\Messenger\\\\Stamp\\\\BusNameStamp\\\":1:{s:55:\\\"\\0Symfony\\\\Component\\\\Messenger\\\\Stamp\\\\BusNameStamp\\0busName\\\";s:21:\\\"messenger.bus.default\\\";}}}s:45:\\\"\\0Symfony\\\\Component\\\\Messenger\\\\Envelope\\0message\\\";O:51:\\\"Symfony\\\\Component\\\\Mailer\\\\Messenger\\\\SendEmailMessage\\\":2:{s:60:\\\"\\0Symfony\\\\Component\\\\Mailer\\\\Messenger\\\\SendEmailMessage\\0message\\\";O:39:\\\"Symfony\\\\Bridge\\\\Twig\\\\Mime\\\\TemplatedEmail\\\":4:{i:0;s:30:\\\"reset_password/email.html.twig\\\";i:1;N;i:2;a:1:{s:10:\\\"resetToken\\\";O:58:\\\"SymfonyCasts\\\\Bundle\\\\ResetPassword\\\\Model\\\\ResetPasswordToken\\\":4:{s:65:\\\"\\0SymfonyCasts\\\\Bundle\\\\ResetPassword\\\\Model\\\\ResetPasswordToken\\0token\\\";s:40:\\\"tsRIIqwzzX2pssVDWvKY2Uz07gzLrZgI0XQA5jmg\\\";s:69:\\\"\\0SymfonyCasts\\\\Bundle\\\\ResetPassword\\\\Model\\\\ResetPasswordToken\\0expiresAt\\\";O:17:\\\"DateTimeImmutable\\\":3:{s:4:\\\"date\\\";s:26:\\\"2023-05-27 11:24:24.395850\\\";s:13:\\\"timezone_type\\\";i:3;s:8:\\\"timezone\\\";s:13:\\\"Europe/Berlin\\\";}s:71:\\\"\\0SymfonyCasts\\\\Bundle\\\\ResetPassword\\\\Model\\\\ResetPasswordToken\\0generatedAt\\\";i:1685175864;s:73:\\\"\\0SymfonyCasts\\\\Bundle\\\\ResetPassword\\\\Model\\\\ResetPasswordToken\\0transInterval\\\";i:1;}}i:3;a:6:{i:0;N;i:1;N;i:2;N;i:3;N;i:4;a:0:{}i:5;a:2:{i:0;O:37:\\\"Symfony\\\\Component\\\\Mime\\\\Header\\\\Headers\\\":2:{s:46:\\\"\\0Symfony\\\\Component\\\\Mime\\\\Header\\\\Headers\\0headers\\\";a:3:{s:4:\\\"from\\\";a:1:{i:0;O:47:\\\"Symfony\\\\Component\\\\Mime\\\\Header\\\\MailboxListHeader\\\":5:{s:58:\\\"\\0Symfony\\\\Component\\\\Mime\\\\Header\\\\MailboxListHeader\\0addresses\\\";a:1:{i:0;O:30:\\\"Symfony\\\\Component\\\\Mime\\\\Address\\\":2:{s:39:\\\"\\0Symfony\\\\Component\\\\Mime\\\\Address\\0address\\\";s:24:\\\"onartfastsushi@gmail.com\\\";s:36:\\\"\\0Symfony\\\\Component\\\\Mime\\\\Address\\0name\\\";s:9:\\\"FastSushi\\\";}}s:50:\\\"\\0Symfony\\\\Component\\\\Mime\\\\Header\\\\AbstractHeader\\0name\\\";s:4:\\\"From\\\";s:56:\\\"\\0Symfony\\\\Component\\\\Mime\\\\Header\\\\AbstractHeader\\0lineLength\\\";i:76;s:50:\\\"\\0Symfony\\\\Component\\\\Mime\\\\Header\\\\AbstractHeader\\0lang\\\";N;s:53:\\\"\\0Symfony\\\\Component\\\\Mime\\\\Header\\\\AbstractHeader\\0charset\\\";s:5:\\\"utf-8\\\";}}s:2:\\\"to\\\";a:1:{i:0;O:47:\\\"Symfony\\\\Component\\\\Mime\\\\Header\\\\MailboxListHeader\\\":5:{s:58:\\\"\\0Symfony\\\\Component\\\\Mime\\\\Header\\\\MailboxListHeader\\0addresses\\\";a:1:{i:0;O:30:\\\"Symfony\\\\Component\\\\Mime\\\\Address\\\":2:{s:39:\\\"\\0Symfony\\\\Component\\\\Mime\\\\Address\\0address\\\";s:14:\\\"test@test.test\\\";s:36:\\\"\\0Symfony\\\\Component\\\\Mime\\\\Address\\0name\\\";s:0:\\\"\\\";}}s:50:\\\"\\0Symfony\\\\Component\\\\Mime\\\\Header\\\\AbstractHeader\\0name\\\";s:2:\\\"To\\\";s:56:\\\"\\0Symfony\\\\Component\\\\Mime\\\\Header\\\\AbstractHeader\\0lineLength\\\";i:76;s:50:\\\"\\0Symfony\\\\Component\\\\Mime\\\\Header\\\\AbstractHeader\\0lang\\\";N;s:53:\\\"\\0Symfony\\\\Component\\\\Mime\\\\Header\\\\AbstractHeader\\0charset\\\";s:5:\\\"utf-8\\\";}}s:7:\\\"subject\\\";a:1:{i:0;O:48:\\\"Symfony\\\\Component\\\\Mime\\\\Header\\\\UnstructuredHeader\\\":5:{s:55:\\\"\\0Symfony\\\\Component\\\\Mime\\\\Header\\\\UnstructuredHeader\\0value\\\";s:27:\\\"Your password reset request\\\";s:50:\\\"\\0Symfony\\\\Component\\\\Mime\\\\Header\\\\AbstractHeader\\0name\\\";s:7:\\\"Subject\\\";s:56:\\\"\\0Symfony\\\\Component\\\\Mime\\\\Header\\\\AbstractHeader\\0lineLength\\\";i:76;s:50:\\\"\\0Symfony\\\\Component\\\\Mime\\\\Header\\\\AbstractHeader\\0lang\\\";N;s:53:\\\"\\0Symfony\\\\Component\\\\Mime\\\\Header\\\\AbstractHeader\\0charset\\\";s:5:\\\"utf-8\\\";}}}s:49:\\\"\\0Symfony\\\\Component\\\\Mime\\\\Header\\\\Headers\\0lineLength\\\";i:76;}i:1;N;}}}s:61:\\\"\\0Symfony\\\\Component\\\\Mailer\\\\Messenger\\\\SendEmailMessage\\0envelope\\\";N;}}','[]','default','2023-05-27 10:24:24','2023-05-27 10:24:24',NULL),(6,'O:36:\\\"Symfony\\\\Component\\\\Messenger\\\\Envelope\\\":2:{s:44:\\\"\\0Symfony\\\\Component\\\\Messenger\\\\Envelope\\0stamps\\\";a:1:{s:46:\\\"Symfony\\\\Component\\\\Messenger\\\\Stamp\\\\BusNameStamp\\\";a:1:{i:0;O:46:\\\"Symfony\\\\Component\\\\Messenger\\\\Stamp\\\\BusNameStamp\\\":1:{s:55:\\\"\\0Symfony\\\\Component\\\\Messenger\\\\Stamp\\\\BusNameStamp\\0busName\\\";s:21:\\\"messenger.bus.default\\\";}}}s:45:\\\"\\0Symfony\\\\Component\\\\Messenger\\\\Envelope\\0message\\\";O:51:\\\"Symfony\\\\Component\\\\Mailer\\\\Messenger\\\\SendEmailMessage\\\":2:{s:60:\\\"\\0Symfony\\\\Component\\\\Mailer\\\\Messenger\\\\SendEmailMessage\\0message\\\";O:39:\\\"Symfony\\\\Bridge\\\\Twig\\\\Mime\\\\TemplatedEmail\\\":4:{i:0;s:30:\\\"reset_password/email.html.twig\\\";i:1;N;i:2;a:1:{s:10:\\\"resetToken\\\";O:58:\\\"SymfonyCasts\\\\Bundle\\\\ResetPassword\\\\Model\\\\ResetPasswordToken\\\":4:{s:65:\\\"\\0SymfonyCasts\\\\Bundle\\\\ResetPassword\\\\Model\\\\ResetPasswordToken\\0token\\\";s:40:\\\"viOrly5AlH6LSYV9odY48ZvROBtUhM2UZQNnQeTj\\\";s:69:\\\"\\0SymfonyCasts\\\\Bundle\\\\ResetPassword\\\\Model\\\\ResetPasswordToken\\0expiresAt\\\";O:17:\\\"DateTimeImmutable\\\":3:{s:4:\\\"date\\\";s:26:\\\"2023-05-27 11:25:22.377829\\\";s:13:\\\"timezone_type\\\";i:3;s:8:\\\"timezone\\\";s:13:\\\"Europe/Berlin\\\";}s:71:\\\"\\0SymfonyCasts\\\\Bundle\\\\ResetPassword\\\\Model\\\\ResetPasswordToken\\0generatedAt\\\";i:1685175922;s:73:\\\"\\0SymfonyCasts\\\\Bundle\\\\ResetPassword\\\\Model\\\\ResetPasswordToken\\0transInterval\\\";i:1;}}i:3;a:6:{i:0;N;i:1;N;i:2;N;i:3;N;i:4;a:0:{}i:5;a:2:{i:0;O:37:\\\"Symfony\\\\Component\\\\Mime\\\\Header\\\\Headers\\\":2:{s:46:\\\"\\0Symfony\\\\Component\\\\Mime\\\\Header\\\\Headers\\0headers\\\";a:3:{s:4:\\\"from\\\";a:1:{i:0;O:47:\\\"Symfony\\\\Component\\\\Mime\\\\Header\\\\MailboxListHeader\\\":5:{s:58:\\\"\\0Symfony\\\\Component\\\\Mime\\\\Header\\\\MailboxListHeader\\0addresses\\\";a:1:{i:0;O:30:\\\"Symfony\\\\Component\\\\Mime\\\\Address\\\":2:{s:39:\\\"\\0Symfony\\\\Component\\\\Mime\\\\Address\\0address\\\";s:24:\\\"onartfastsushi@gmail.com\\\";s:36:\\\"\\0Symfony\\\\Component\\\\Mime\\\\Address\\0name\\\";s:9:\\\"FastSushi\\\";}}s:50:\\\"\\0Symfony\\\\Component\\\\Mime\\\\Header\\\\AbstractHeader\\0name\\\";s:4:\\\"From\\\";s:56:\\\"\\0Symfony\\\\Component\\\\Mime\\\\Header\\\\AbstractHeader\\0lineLength\\\";i:76;s:50:\\\"\\0Symfony\\\\Component\\\\Mime\\\\Header\\\\AbstractHeader\\0lang\\\";N;s:53:\\\"\\0Symfony\\\\Component\\\\Mime\\\\Header\\\\AbstractHeader\\0charset\\\";s:5:\\\"utf-8\\\";}}s:2:\\\"to\\\";a:1:{i:0;O:47:\\\"Symfony\\\\Component\\\\Mime\\\\Header\\\\MailboxListHeader\\\":5:{s:58:\\\"\\0Symfony\\\\Component\\\\Mime\\\\Header\\\\MailboxListHeader\\0addresses\\\";a:1:{i:0;O:30:\\\"Symfony\\\\Component\\\\Mime\\\\Address\\\":2:{s:39:\\\"\\0Symfony\\\\Component\\\\Mime\\\\Address\\0address\\\";s:25:\\\"olivier03032002@gmail.com\\\";s:36:\\\"\\0Symfony\\\\Component\\\\Mime\\\\Address\\0name\\\";s:0:\\\"\\\";}}s:50:\\\"\\0Symfony\\\\Component\\\\Mime\\\\Header\\\\AbstractHeader\\0name\\\";s:2:\\\"To\\\";s:56:\\\"\\0Symfony\\\\Component\\\\Mime\\\\Header\\\\AbstractHeader\\0lineLength\\\";i:76;s:50:\\\"\\0Symfony\\\\Component\\\\Mime\\\\Header\\\\AbstractHeader\\0lang\\\";N;s:53:\\\"\\0Symfony\\\\Component\\\\Mime\\\\Header\\\\AbstractHeader\\0charset\\\";s:5:\\\"utf-8\\\";}}s:7:\\\"subject\\\";a:1:{i:0;O:48:\\\"Symfony\\\\Component\\\\Mime\\\\Header\\\\UnstructuredHeader\\\":5:{s:55:\\\"\\0Symfony\\\\Component\\\\Mime\\\\Header\\\\UnstructuredHeader\\0value\\\";s:27:\\\"Your password reset request\\\";s:50:\\\"\\0Symfony\\\\Component\\\\Mime\\\\Header\\\\AbstractHeader\\0name\\\";s:7:\\\"Subject\\\";s:56:\\\"\\0Symfony\\\\Component\\\\Mime\\\\Header\\\\AbstractHeader\\0lineLength\\\";i:76;s:50:\\\"\\0Symfony\\\\Component\\\\Mime\\\\Header\\\\AbstractHeader\\0lang\\\";N;s:53:\\\"\\0Symfony\\\\Component\\\\Mime\\\\Header\\\\AbstractHeader\\0charset\\\";s:5:\\\"utf-8\\\";}}}s:49:\\\"\\0Symfony\\\\Component\\\\Mime\\\\Header\\\\Headers\\0lineLength\\\";i:76;}i:1;N;}}}s:61:\\\"\\0Symfony\\\\Component\\\\Mailer\\\\Messenger\\\\SendEmailMessage\\0envelope\\\";N;}}','[]','default','2023-05-27 10:25:22','2023-05-27 10:25:22',NULL),(7,'O:36:\\\"Symfony\\\\Component\\\\Messenger\\\\Envelope\\\":2:{s:44:\\\"\\0Symfony\\\\Component\\\\Messenger\\\\Envelope\\0stamps\\\";a:1:{s:46:\\\"Symfony\\\\Component\\\\Messenger\\\\Stamp\\\\BusNameStamp\\\";a:1:{i:0;O:46:\\\"Symfony\\\\Component\\\\Messenger\\\\Stamp\\\\BusNameStamp\\\":1:{s:55:\\\"\\0Symfony\\\\Component\\\\Messenger\\\\Stamp\\\\BusNameStamp\\0busName\\\";s:21:\\\"messenger.bus.default\\\";}}}s:45:\\\"\\0Symfony\\\\Component\\\\Messenger\\\\Envelope\\0message\\\";O:51:\\\"Symfony\\\\Component\\\\Mailer\\\\Messenger\\\\SendEmailMessage\\\":2:{s:60:\\\"\\0Symfony\\\\Component\\\\Mailer\\\\Messenger\\\\SendEmailMessage\\0message\\\";O:39:\\\"Symfony\\\\Bridge\\\\Twig\\\\Mime\\\\TemplatedEmail\\\":4:{i:0;s:30:\\\"reset_password/email.html.twig\\\";i:1;N;i:2;a:1:{s:10:\\\"resetToken\\\";O:58:\\\"SymfonyCasts\\\\Bundle\\\\ResetPassword\\\\Model\\\\ResetPasswordToken\\\":4:{s:65:\\\"\\0SymfonyCasts\\\\Bundle\\\\ResetPassword\\\\Model\\\\ResetPasswordToken\\0token\\\";s:40:\\\"0ACVjqLlWu3OWKPb7eKdAFwRe3yvcF0YOJqeEHmu\\\";s:69:\\\"\\0SymfonyCasts\\\\Bundle\\\\ResetPassword\\\\Model\\\\ResetPasswordToken\\0expiresAt\\\";O:17:\\\"DateTimeImmutable\\\":3:{s:4:\\\"date\\\";s:26:\\\"2023-05-27 11:25:32.363162\\\";s:13:\\\"timezone_type\\\";i:3;s:8:\\\"timezone\\\";s:13:\\\"Europe/Berlin\\\";}s:71:\\\"\\0SymfonyCasts\\\\Bundle\\\\ResetPassword\\\\Model\\\\ResetPasswordToken\\0generatedAt\\\";i:1685175932;s:73:\\\"\\0SymfonyCasts\\\\Bundle\\\\ResetPassword\\\\Model\\\\ResetPasswordToken\\0transInterval\\\";i:1;}}i:3;a:6:{i:0;N;i:1;N;i:2;N;i:3;N;i:4;a:0:{}i:5;a:2:{i:0;O:37:\\\"Symfony\\\\Component\\\\Mime\\\\Header\\\\Headers\\\":2:{s:46:\\\"\\0Symfony\\\\Component\\\\Mime\\\\Header\\\\Headers\\0headers\\\";a:3:{s:4:\\\"from\\\";a:1:{i:0;O:47:\\\"Symfony\\\\Component\\\\Mime\\\\Header\\\\MailboxListHeader\\\":5:{s:58:\\\"\\0Symfony\\\\Component\\\\Mime\\\\Header\\\\MailboxListHeader\\0addresses\\\";a:1:{i:0;O:30:\\\"Symfony\\\\Component\\\\Mime\\\\Address\\\":2:{s:39:\\\"\\0Symfony\\\\Component\\\\Mime\\\\Address\\0address\\\";s:24:\\\"onartfastsushi@gmail.com\\\";s:36:\\\"\\0Symfony\\\\Component\\\\Mime\\\\Address\\0name\\\";s:9:\\\"FastSushi\\\";}}s:50:\\\"\\0Symfony\\\\Component\\\\Mime\\\\Header\\\\AbstractHeader\\0name\\\";s:4:\\\"From\\\";s:56:\\\"\\0Symfony\\\\Component\\\\Mime\\\\Header\\\\AbstractHeader\\0lineLength\\\";i:76;s:50:\\\"\\0Symfony\\\\Component\\\\Mime\\\\Header\\\\AbstractHeader\\0lang\\\";N;s:53:\\\"\\0Symfony\\\\Component\\\\Mime\\\\Header\\\\AbstractHeader\\0charset\\\";s:5:\\\"utf-8\\\";}}s:2:\\\"to\\\";a:1:{i:0;O:47:\\\"Symfony\\\\Component\\\\Mime\\\\Header\\\\MailboxListHeader\\\":5:{s:58:\\\"\\0Symfony\\\\Component\\\\Mime\\\\Header\\\\MailboxListHeader\\0addresses\\\";a:1:{i:0;O:30:\\\"Symfony\\\\Component\\\\Mime\\\\Address\\\":2:{s:39:\\\"\\0Symfony\\\\Component\\\\Mime\\\\Address\\0address\\\";s:25:\\\"olivier03032002@gmail.com\\\";s:36:\\\"\\0Symfony\\\\Component\\\\Mime\\\\Address\\0name\\\";s:0:\\\"\\\";}}s:50:\\\"\\0Symfony\\\\Component\\\\Mime\\\\Header\\\\AbstractHeader\\0name\\\";s:2:\\\"To\\\";s:56:\\\"\\0Symfony\\\\Component\\\\Mime\\\\Header\\\\AbstractHeader\\0lineLength\\\";i:76;s:50:\\\"\\0Symfony\\\\Component\\\\Mime\\\\Header\\\\AbstractHeader\\0lang\\\";N;s:53:\\\"\\0Symfony\\\\Component\\\\Mime\\\\Header\\\\AbstractHeader\\0charset\\\";s:5:\\\"utf-8\\\";}}s:7:\\\"subject\\\";a:1:{i:0;O:48:\\\"Symfony\\\\Component\\\\Mime\\\\Header\\\\UnstructuredHeader\\\":5:{s:55:\\\"\\0Symfony\\\\Component\\\\Mime\\\\Header\\\\UnstructuredHeader\\0value\\\";s:27:\\\"Your password reset request\\\";s:50:\\\"\\0Symfony\\\\Component\\\\Mime\\\\Header\\\\AbstractHeader\\0name\\\";s:7:\\\"Subject\\\";s:56:\\\"\\0Symfony\\\\Component\\\\Mime\\\\Header\\\\AbstractHeader\\0lineLength\\\";i:76;s:50:\\\"\\0Symfony\\\\Component\\\\Mime\\\\Header\\\\AbstractHeader\\0lang\\\";N;s:53:\\\"\\0Symfony\\\\Component\\\\Mime\\\\Header\\\\AbstractHeader\\0charset\\\";s:5:\\\"utf-8\\\";}}}s:49:\\\"\\0Symfony\\\\Component\\\\Mime\\\\Header\\\\Headers\\0lineLength\\\";i:76;}i:1;N;}}}s:61:\\\"\\0Symfony\\\\Component\\\\Mailer\\\\Messenger\\\\SendEmailMessage\\0envelope\\\";N;}}','[]','default','2023-05-27 10:25:32','2023-05-27 10:25:32',NULL),(8,'O:36:\\\"Symfony\\\\Component\\\\Messenger\\\\Envelope\\\":2:{s:44:\\\"\\0Symfony\\\\Component\\\\Messenger\\\\Envelope\\0stamps\\\";a:1:{s:46:\\\"Symfony\\\\Component\\\\Messenger\\\\Stamp\\\\BusNameStamp\\\";a:1:{i:0;O:46:\\\"Symfony\\\\Component\\\\Messenger\\\\Stamp\\\\BusNameStamp\\\":1:{s:55:\\\"\\0Symfony\\\\Component\\\\Messenger\\\\Stamp\\\\BusNameStamp\\0busName\\\";s:21:\\\"messenger.bus.default\\\";}}}s:45:\\\"\\0Symfony\\\\Component\\\\Messenger\\\\Envelope\\0message\\\";O:51:\\\"Symfony\\\\Component\\\\Mailer\\\\Messenger\\\\SendEmailMessage\\\":2:{s:60:\\\"\\0Symfony\\\\Component\\\\Mailer\\\\Messenger\\\\SendEmailMessage\\0message\\\";O:39:\\\"Symfony\\\\Bridge\\\\Twig\\\\Mime\\\\TemplatedEmail\\\":4:{i:0;s:30:\\\"reset_password/email.html.twig\\\";i:1;N;i:2;a:1:{s:10:\\\"resetToken\\\";O:58:\\\"SymfonyCasts\\\\Bundle\\\\ResetPassword\\\\Model\\\\ResetPasswordToken\\\":4:{s:65:\\\"\\0SymfonyCasts\\\\Bundle\\\\ResetPassword\\\\Model\\\\ResetPasswordToken\\0token\\\";s:40:\\\"DkvJz66wlKbjMNPb3lZFVC2I4kUs8YuoO21M3hTf\\\";s:69:\\\"\\0SymfonyCasts\\\\Bundle\\\\ResetPassword\\\\Model\\\\ResetPasswordToken\\0expiresAt\\\";O:17:\\\"DateTimeImmutable\\\":3:{s:4:\\\"date\\\";s:26:\\\"2023-05-27 11:32:12.857587\\\";s:13:\\\"timezone_type\\\";i:3;s:8:\\\"timezone\\\";s:13:\\\"Europe/Berlin\\\";}s:71:\\\"\\0SymfonyCasts\\\\Bundle\\\\ResetPassword\\\\Model\\\\ResetPasswordToken\\0generatedAt\\\";i:1685176332;s:73:\\\"\\0SymfonyCasts\\\\Bundle\\\\ResetPassword\\\\Model\\\\ResetPasswordToken\\0transInterval\\\";i:1;}}i:3;a:6:{i:0;N;i:1;N;i:2;N;i:3;N;i:4;a:0:{}i:5;a:2:{i:0;O:37:\\\"Symfony\\\\Component\\\\Mime\\\\Header\\\\Headers\\\":2:{s:46:\\\"\\0Symfony\\\\Component\\\\Mime\\\\Header\\\\Headers\\0headers\\\";a:3:{s:4:\\\"from\\\";a:1:{i:0;O:47:\\\"Symfony\\\\Component\\\\Mime\\\\Header\\\\MailboxListHeader\\\":5:{s:58:\\\"\\0Symfony\\\\Component\\\\Mime\\\\Header\\\\MailboxListHeader\\0addresses\\\";a:1:{i:0;O:30:\\\"Symfony\\\\Component\\\\Mime\\\\Address\\\":2:{s:39:\\\"\\0Symfony\\\\Component\\\\Mime\\\\Address\\0address\\\";s:24:\\\"onartfastsushi@gmail.com\\\";s:36:\\\"\\0Symfony\\\\Component\\\\Mime\\\\Address\\0name\\\";s:9:\\\"FastSushi\\\";}}s:50:\\\"\\0Symfony\\\\Component\\\\Mime\\\\Header\\\\AbstractHeader\\0name\\\";s:4:\\\"From\\\";s:56:\\\"\\0Symfony\\\\Component\\\\Mime\\\\Header\\\\AbstractHeader\\0lineLength\\\";i:76;s:50:\\\"\\0Symfony\\\\Component\\\\Mime\\\\Header\\\\AbstractHeader\\0lang\\\";N;s:53:\\\"\\0Symfony\\\\Component\\\\Mime\\\\Header\\\\AbstractHeader\\0charset\\\";s:5:\\\"utf-8\\\";}}s:2:\\\"to\\\";a:1:{i:0;O:47:\\\"Symfony\\\\Component\\\\Mime\\\\Header\\\\MailboxListHeader\\\":5:{s:58:\\\"\\0Symfony\\\\Component\\\\Mime\\\\Header\\\\MailboxListHeader\\0addresses\\\";a:1:{i:0;O:30:\\\"Symfony\\\\Component\\\\Mime\\\\Address\\\":2:{s:39:\\\"\\0Symfony\\\\Component\\\\Mime\\\\Address\\0address\\\";s:25:\\\"olivier03032002@gmail.com\\\";s:36:\\\"\\0Symfony\\\\Component\\\\Mime\\\\Address\\0name\\\";s:0:\\\"\\\";}}s:50:\\\"\\0Symfony\\\\Component\\\\Mime\\\\Header\\\\AbstractHeader\\0name\\\";s:2:\\\"To\\\";s:56:\\\"\\0Symfony\\\\Component\\\\Mime\\\\Header\\\\AbstractHeader\\0lineLength\\\";i:76;s:50:\\\"\\0Symfony\\\\Component\\\\Mime\\\\Header\\\\AbstractHeader\\0lang\\\";N;s:53:\\\"\\0Symfony\\\\Component\\\\Mime\\\\Header\\\\AbstractHeader\\0charset\\\";s:5:\\\"utf-8\\\";}}s:7:\\\"subject\\\";a:1:{i:0;O:48:\\\"Symfony\\\\Component\\\\Mime\\\\Header\\\\UnstructuredHeader\\\":5:{s:55:\\\"\\0Symfony\\\\Component\\\\Mime\\\\Header\\\\UnstructuredHeader\\0value\\\";s:27:\\\"Your password reset request\\\";s:50:\\\"\\0Symfony\\\\Component\\\\Mime\\\\Header\\\\AbstractHeader\\0name\\\";s:7:\\\"Subject\\\";s:56:\\\"\\0Symfony\\\\Component\\\\Mime\\\\Header\\\\AbstractHeader\\0lineLength\\\";i:76;s:50:\\\"\\0Symfony\\\\Component\\\\Mime\\\\Header\\\\AbstractHeader\\0lang\\\";N;s:53:\\\"\\0Symfony\\\\Component\\\\Mime\\\\Header\\\\AbstractHeader\\0charset\\\";s:5:\\\"utf-8\\\";}}}s:49:\\\"\\0Symfony\\\\Component\\\\Mime\\\\Header\\\\Headers\\0lineLength\\\";i:76;}i:1;N;}}}s:61:\\\"\\0Symfony\\\\Component\\\\Mailer\\\\Messenger\\\\SendEmailMessage\\0envelope\\\";N;}}','[]','default','2023-05-27 10:32:12','2023-05-27 10:32:12',NULL),(9,'O:36:\\\"Symfony\\\\Component\\\\Messenger\\\\Envelope\\\":2:{s:44:\\\"\\0Symfony\\\\Component\\\\Messenger\\\\Envelope\\0stamps\\\";a:1:{s:46:\\\"Symfony\\\\Component\\\\Messenger\\\\Stamp\\\\BusNameStamp\\\";a:1:{i:0;O:46:\\\"Symfony\\\\Component\\\\Messenger\\\\Stamp\\\\BusNameStamp\\\":1:{s:55:\\\"\\0Symfony\\\\Component\\\\Messenger\\\\Stamp\\\\BusNameStamp\\0busName\\\";s:21:\\\"messenger.bus.default\\\";}}}s:45:\\\"\\0Symfony\\\\Component\\\\Messenger\\\\Envelope\\0message\\\";O:51:\\\"Symfony\\\\Component\\\\Mailer\\\\Messenger\\\\SendEmailMessage\\\":2:{s:60:\\\"\\0Symfony\\\\Component\\\\Mailer\\\\Messenger\\\\SendEmailMessage\\0message\\\";O:39:\\\"Symfony\\\\Bridge\\\\Twig\\\\Mime\\\\TemplatedEmail\\\":4:{i:0;s:30:\\\"reset_password/email.html.twig\\\";i:1;N;i:2;a:1:{s:10:\\\"resetToken\\\";O:58:\\\"SymfonyCasts\\\\Bundle\\\\ResetPassword\\\\Model\\\\ResetPasswordToken\\\":4:{s:65:\\\"\\0SymfonyCasts\\\\Bundle\\\\ResetPassword\\\\Model\\\\ResetPasswordToken\\0token\\\";s:40:\\\"WXiwKQY63s8L5FWlywTyZkYFHaaGn93TYHu0xVfZ\\\";s:69:\\\"\\0SymfonyCasts\\\\Bundle\\\\ResetPassword\\\\Model\\\\ResetPasswordToken\\0expiresAt\\\";O:17:\\\"DateTimeImmutable\\\":3:{s:4:\\\"date\\\";s:26:\\\"2023-05-27 11:36:17.767042\\\";s:13:\\\"timezone_type\\\";i:3;s:8:\\\"timezone\\\";s:13:\\\"Europe/Berlin\\\";}s:71:\\\"\\0SymfonyCasts\\\\Bundle\\\\ResetPassword\\\\Model\\\\ResetPasswordToken\\0generatedAt\\\";i:1685176577;s:73:\\\"\\0SymfonyCasts\\\\Bundle\\\\ResetPassword\\\\Model\\\\ResetPasswordToken\\0transInterval\\\";i:1;}}i:3;a:6:{i:0;N;i:1;N;i:2;N;i:3;N;i:4;a:0:{}i:5;a:2:{i:0;O:37:\\\"Symfony\\\\Component\\\\Mime\\\\Header\\\\Headers\\\":2:{s:46:\\\"\\0Symfony\\\\Component\\\\Mime\\\\Header\\\\Headers\\0headers\\\";a:3:{s:4:\\\"from\\\";a:1:{i:0;O:47:\\\"Symfony\\\\Component\\\\Mime\\\\Header\\\\MailboxListHeader\\\":5:{s:58:\\\"\\0Symfony\\\\Component\\\\Mime\\\\Header\\\\MailboxListHeader\\0addresses\\\";a:1:{i:0;O:30:\\\"Symfony\\\\Component\\\\Mime\\\\Address\\\":2:{s:39:\\\"\\0Symfony\\\\Component\\\\Mime\\\\Address\\0address\\\";s:24:\\\"onartfastsushi@gmail.com\\\";s:36:\\\"\\0Symfony\\\\Component\\\\Mime\\\\Address\\0name\\\";s:9:\\\"FastSushi\\\";}}s:50:\\\"\\0Symfony\\\\Component\\\\Mime\\\\Header\\\\AbstractHeader\\0name\\\";s:4:\\\"From\\\";s:56:\\\"\\0Symfony\\\\Component\\\\Mime\\\\Header\\\\AbstractHeader\\0lineLength\\\";i:76;s:50:\\\"\\0Symfony\\\\Component\\\\Mime\\\\Header\\\\AbstractHeader\\0lang\\\";N;s:53:\\\"\\0Symfony\\\\Component\\\\Mime\\\\Header\\\\AbstractHeader\\0charset\\\";s:5:\\\"utf-8\\\";}}s:2:\\\"to\\\";a:1:{i:0;O:47:\\\"Symfony\\\\Component\\\\Mime\\\\Header\\\\MailboxListHeader\\\":5:{s:58:\\\"\\0Symfony\\\\Component\\\\Mime\\\\Header\\\\MailboxListHeader\\0addresses\\\";a:1:{i:0;O:30:\\\"Symfony\\\\Component\\\\Mime\\\\Address\\\":2:{s:39:\\\"\\0Symfony\\\\Component\\\\Mime\\\\Address\\0address\\\";s:14:\\\"test@test.test\\\";s:36:\\\"\\0Symfony\\\\Component\\\\Mime\\\\Address\\0name\\\";s:0:\\\"\\\";}}s:50:\\\"\\0Symfony\\\\Component\\\\Mime\\\\Header\\\\AbstractHeader\\0name\\\";s:2:\\\"To\\\";s:56:\\\"\\0Symfony\\\\Component\\\\Mime\\\\Header\\\\AbstractHeader\\0lineLength\\\";i:76;s:50:\\\"\\0Symfony\\\\Component\\\\Mime\\\\Header\\\\AbstractHeader\\0lang\\\";N;s:53:\\\"\\0Symfony\\\\Component\\\\Mime\\\\Header\\\\AbstractHeader\\0charset\\\";s:5:\\\"utf-8\\\";}}s:7:\\\"subject\\\";a:1:{i:0;O:48:\\\"Symfony\\\\Component\\\\Mime\\\\Header\\\\UnstructuredHeader\\\":5:{s:55:\\\"\\0Symfony\\\\Component\\\\Mime\\\\Header\\\\UnstructuredHeader\\0value\\\";s:27:\\\"Your password reset request\\\";s:50:\\\"\\0Symfony\\\\Component\\\\Mime\\\\Header\\\\AbstractHeader\\0name\\\";s:7:\\\"Subject\\\";s:56:\\\"\\0Symfony\\\\Component\\\\Mime\\\\Header\\\\AbstractHeader\\0lineLength\\\";i:76;s:50:\\\"\\0Symfony\\\\Component\\\\Mime\\\\Header\\\\AbstractHeader\\0lang\\\";N;s:53:\\\"\\0Symfony\\\\Component\\\\Mime\\\\Header\\\\AbstractHeader\\0charset\\\";s:5:\\\"utf-8\\\";}}}s:49:\\\"\\0Symfony\\\\Component\\\\Mime\\\\Header\\\\Headers\\0lineLength\\\";i:76;}i:1;N;}}}s:61:\\\"\\0Symfony\\\\Component\\\\Mailer\\\\Messenger\\\\SendEmailMessage\\0envelope\\\";N;}}','[]','default','2023-05-27 10:36:17','2023-05-27 10:36:17',NULL),(10,'O:36:\\\"Symfony\\\\Component\\\\Messenger\\\\Envelope\\\":2:{s:44:\\\"\\0Symfony\\\\Component\\\\Messenger\\\\Envelope\\0stamps\\\";a:1:{s:46:\\\"Symfony\\\\Component\\\\Messenger\\\\Stamp\\\\BusNameStamp\\\";a:1:{i:0;O:46:\\\"Symfony\\\\Component\\\\Messenger\\\\Stamp\\\\BusNameStamp\\\":1:{s:55:\\\"\\0Symfony\\\\Component\\\\Messenger\\\\Stamp\\\\BusNameStamp\\0busName\\\";s:21:\\\"messenger.bus.default\\\";}}}s:45:\\\"\\0Symfony\\\\Component\\\\Messenger\\\\Envelope\\0message\\\";O:51:\\\"Symfony\\\\Component\\\\Mailer\\\\Messenger\\\\SendEmailMessage\\\":2:{s:60:\\\"\\0Symfony\\\\Component\\\\Mailer\\\\Messenger\\\\SendEmailMessage\\0message\\\";O:39:\\\"Symfony\\\\Bridge\\\\Twig\\\\Mime\\\\TemplatedEmail\\\":4:{i:0;s:30:\\\"reset_password/email.html.twig\\\";i:1;N;i:2;a:1:{s:10:\\\"resetToken\\\";O:58:\\\"SymfonyCasts\\\\Bundle\\\\ResetPassword\\\\Model\\\\ResetPasswordToken\\\":4:{s:65:\\\"\\0SymfonyCasts\\\\Bundle\\\\ResetPassword\\\\Model\\\\ResetPasswordToken\\0token\\\";s:40:\\\"IeSoicUvxpdeTjAh6n6Be3P4uMISUrTVmHOVoRHa\\\";s:69:\\\"\\0SymfonyCasts\\\\Bundle\\\\ResetPassword\\\\Model\\\\ResetPasswordToken\\0expiresAt\\\";O:17:\\\"DateTimeImmutable\\\":3:{s:4:\\\"date\\\";s:26:\\\"2023-05-27 11:58:13.724077\\\";s:13:\\\"timezone_type\\\";i:3;s:8:\\\"timezone\\\";s:13:\\\"Europe/Berlin\\\";}s:71:\\\"\\0SymfonyCasts\\\\Bundle\\\\ResetPassword\\\\Model\\\\ResetPasswordToken\\0generatedAt\\\";i:1685177893;s:73:\\\"\\0SymfonyCasts\\\\Bundle\\\\ResetPassword\\\\Model\\\\ResetPasswordToken\\0transInterval\\\";i:1;}}i:3;a:6:{i:0;N;i:1;N;i:2;N;i:3;N;i:4;a:0:{}i:5;a:2:{i:0;O:37:\\\"Symfony\\\\Component\\\\Mime\\\\Header\\\\Headers\\\":2:{s:46:\\\"\\0Symfony\\\\Component\\\\Mime\\\\Header\\\\Headers\\0headers\\\";a:3:{s:4:\\\"from\\\";a:1:{i:0;O:47:\\\"Symfony\\\\Component\\\\Mime\\\\Header\\\\MailboxListHeader\\\":5:{s:58:\\\"\\0Symfony\\\\Component\\\\Mime\\\\Header\\\\MailboxListHeader\\0addresses\\\";a:1:{i:0;O:30:\\\"Symfony\\\\Component\\\\Mime\\\\Address\\\":2:{s:39:\\\"\\0Symfony\\\\Component\\\\Mime\\\\Address\\0address\\\";s:24:\\\"onartfastsushi@gmail.com\\\";s:36:\\\"\\0Symfony\\\\Component\\\\Mime\\\\Address\\0name\\\";s:9:\\\"FastSushi\\\";}}s:50:\\\"\\0Symfony\\\\Component\\\\Mime\\\\Header\\\\AbstractHeader\\0name\\\";s:4:\\\"From\\\";s:56:\\\"\\0Symfony\\\\Component\\\\Mime\\\\Header\\\\AbstractHeader\\0lineLength\\\";i:76;s:50:\\\"\\0Symfony\\\\Component\\\\Mime\\\\Header\\\\AbstractHeader\\0lang\\\";N;s:53:\\\"\\0Symfony\\\\Component\\\\Mime\\\\Header\\\\AbstractHeader\\0charset\\\";s:5:\\\"utf-8\\\";}}s:2:\\\"to\\\";a:1:{i:0;O:47:\\\"Symfony\\\\Component\\\\Mime\\\\Header\\\\MailboxListHeader\\\":5:{s:58:\\\"\\0Symfony\\\\Component\\\\Mime\\\\Header\\\\MailboxListHeader\\0addresses\\\";a:1:{i:0;O:30:\\\"Symfony\\\\Component\\\\Mime\\\\Address\\\":2:{s:39:\\\"\\0Symfony\\\\Component\\\\Mime\\\\Address\\0address\\\";s:25:\\\"olivier03032002@gmail.com\\\";s:36:\\\"\\0Symfony\\\\Component\\\\Mime\\\\Address\\0name\\\";s:0:\\\"\\\";}}s:50:\\\"\\0Symfony\\\\Component\\\\Mime\\\\Header\\\\AbstractHeader\\0name\\\";s:2:\\\"To\\\";s:56:\\\"\\0Symfony\\\\Component\\\\Mime\\\\Header\\\\AbstractHeader\\0lineLength\\\";i:76;s:50:\\\"\\0Symfony\\\\Component\\\\Mime\\\\Header\\\\AbstractHeader\\0lang\\\";N;s:53:\\\"\\0Symfony\\\\Component\\\\Mime\\\\Header\\\\AbstractHeader\\0charset\\\";s:5:\\\"utf-8\\\";}}s:7:\\\"subject\\\";a:1:{i:0;O:48:\\\"Symfony\\\\Component\\\\Mime\\\\Header\\\\UnstructuredHeader\\\":5:{s:55:\\\"\\0Symfony\\\\Component\\\\Mime\\\\Header\\\\UnstructuredHeader\\0value\\\";s:27:\\\"Your password reset request\\\";s:50:\\\"\\0Symfony\\\\Component\\\\Mime\\\\Header\\\\AbstractHeader\\0name\\\";s:7:\\\"Subject\\\";s:56:\\\"\\0Symfony\\\\Component\\\\Mime\\\\Header\\\\AbstractHeader\\0lineLength\\\";i:76;s:50:\\\"\\0Symfony\\\\Component\\\\Mime\\\\Header\\\\AbstractHeader\\0lang\\\";N;s:53:\\\"\\0Symfony\\\\Component\\\\Mime\\\\Header\\\\AbstractHeader\\0charset\\\";s:5:\\\"utf-8\\\";}}}s:49:\\\"\\0Symfony\\\\Component\\\\Mime\\\\Header\\\\Headers\\0lineLength\\\";i:76;}i:1;N;}}}s:61:\\\"\\0Symfony\\\\Component\\\\Mailer\\\\Messenger\\\\SendEmailMessage\\0envelope\\\";N;}}','[]','default','2023-05-27 10:58:13','2023-05-27 10:58:13',NULL),(11,'O:36:\\\"Symfony\\\\Component\\\\Messenger\\\\Envelope\\\":2:{s:44:\\\"\\0Symfony\\\\Component\\\\Messenger\\\\Envelope\\0stamps\\\";a:1:{s:46:\\\"Symfony\\\\Component\\\\Messenger\\\\Stamp\\\\BusNameStamp\\\";a:1:{i:0;O:46:\\\"Symfony\\\\Component\\\\Messenger\\\\Stamp\\\\BusNameStamp\\\":1:{s:55:\\\"\\0Symfony\\\\Component\\\\Messenger\\\\Stamp\\\\BusNameStamp\\0busName\\\";s:21:\\\"messenger.bus.default\\\";}}}s:45:\\\"\\0Symfony\\\\Component\\\\Messenger\\\\Envelope\\0message\\\";O:51:\\\"Symfony\\\\Component\\\\Mailer\\\\Messenger\\\\SendEmailMessage\\\":2:{s:60:\\\"\\0Symfony\\\\Component\\\\Mailer\\\\Messenger\\\\SendEmailMessage\\0message\\\";O:39:\\\"Symfony\\\\Bridge\\\\Twig\\\\Mime\\\\TemplatedEmail\\\":4:{i:0;s:30:\\\"reset_password/email.html.twig\\\";i:1;N;i:2;a:1:{s:10:\\\"resetToken\\\";O:58:\\\"SymfonyCasts\\\\Bundle\\\\ResetPassword\\\\Model\\\\ResetPasswordToken\\\":4:{s:65:\\\"\\0SymfonyCasts\\\\Bundle\\\\ResetPassword\\\\Model\\\\ResetPasswordToken\\0token\\\";s:40:\\\"9wf9FWlSIXxd5TPkWmRqUh8i3q7OW55gAj8ZpoLN\\\";s:69:\\\"\\0SymfonyCasts\\\\Bundle\\\\ResetPassword\\\\Model\\\\ResetPasswordToken\\0expiresAt\\\";O:17:\\\"DateTimeImmutable\\\":3:{s:4:\\\"date\\\";s:26:\\\"2023-05-27 11:59:52.106030\\\";s:13:\\\"timezone_type\\\";i:3;s:8:\\\"timezone\\\";s:13:\\\"Europe/Berlin\\\";}s:71:\\\"\\0SymfonyCasts\\\\Bundle\\\\ResetPassword\\\\Model\\\\ResetPasswordToken\\0generatedAt\\\";i:1685177992;s:73:\\\"\\0SymfonyCasts\\\\Bundle\\\\ResetPassword\\\\Model\\\\ResetPasswordToken\\0transInterval\\\";i:1;}}i:3;a:6:{i:0;N;i:1;N;i:2;N;i:3;N;i:4;a:0:{}i:5;a:2:{i:0;O:37:\\\"Symfony\\\\Component\\\\Mime\\\\Header\\\\Headers\\\":2:{s:46:\\\"\\0Symfony\\\\Component\\\\Mime\\\\Header\\\\Headers\\0headers\\\";a:3:{s:4:\\\"from\\\";a:1:{i:0;O:47:\\\"Symfony\\\\Component\\\\Mime\\\\Header\\\\MailboxListHeader\\\":5:{s:58:\\\"\\0Symfony\\\\Component\\\\Mime\\\\Header\\\\MailboxListHeader\\0addresses\\\";a:1:{i:0;O:30:\\\"Symfony\\\\Component\\\\Mime\\\\Address\\\":2:{s:39:\\\"\\0Symfony\\\\Component\\\\Mime\\\\Address\\0address\\\";s:24:\\\"onartfastsushi@gmail.com\\\";s:36:\\\"\\0Symfony\\\\Component\\\\Mime\\\\Address\\0name\\\";s:9:\\\"FastSushi\\\";}}s:50:\\\"\\0Symfony\\\\Component\\\\Mime\\\\Header\\\\AbstractHeader\\0name\\\";s:4:\\\"From\\\";s:56:\\\"\\0Symfony\\\\Component\\\\Mime\\\\Header\\\\AbstractHeader\\0lineLength\\\";i:76;s:50:\\\"\\0Symfony\\\\Component\\\\Mime\\\\Header\\\\AbstractHeader\\0lang\\\";N;s:53:\\\"\\0Symfony\\\\Component\\\\Mime\\\\Header\\\\AbstractHeader\\0charset\\\";s:5:\\\"utf-8\\\";}}s:2:\\\"to\\\";a:1:{i:0;O:47:\\\"Symfony\\\\Component\\\\Mime\\\\Header\\\\MailboxListHeader\\\":5:{s:58:\\\"\\0Symfony\\\\Component\\\\Mime\\\\Header\\\\MailboxListHeader\\0addresses\\\";a:1:{i:0;O:30:\\\"Symfony\\\\Component\\\\Mime\\\\Address\\\":2:{s:39:\\\"\\0Symfony\\\\Component\\\\Mime\\\\Address\\0address\\\";s:14:\\\"test@test.test\\\";s:36:\\\"\\0Symfony\\\\Component\\\\Mime\\\\Address\\0name\\\";s:0:\\\"\\\";}}s:50:\\\"\\0Symfony\\\\Component\\\\Mime\\\\Header\\\\AbstractHeader\\0name\\\";s:2:\\\"To\\\";s:56:\\\"\\0Symfony\\\\Component\\\\Mime\\\\Header\\\\AbstractHeader\\0lineLength\\\";i:76;s:50:\\\"\\0Symfony\\\\Component\\\\Mime\\\\Header\\\\AbstractHeader\\0lang\\\";N;s:53:\\\"\\0Symfony\\\\Component\\\\Mime\\\\Header\\\\AbstractHeader\\0charset\\\";s:5:\\\"utf-8\\\";}}s:7:\\\"subject\\\";a:1:{i:0;O:48:\\\"Symfony\\\\Component\\\\Mime\\\\Header\\\\UnstructuredHeader\\\":5:{s:55:\\\"\\0Symfony\\\\Component\\\\Mime\\\\Header\\\\UnstructuredHeader\\0value\\\";s:27:\\\"Your password reset request\\\";s:50:\\\"\\0Symfony\\\\Component\\\\Mime\\\\Header\\\\AbstractHeader\\0name\\\";s:7:\\\"Subject\\\";s:56:\\\"\\0Symfony\\\\Component\\\\Mime\\\\Header\\\\AbstractHeader\\0lineLength\\\";i:76;s:50:\\\"\\0Symfony\\\\Component\\\\Mime\\\\Header\\\\AbstractHeader\\0lang\\\";N;s:53:\\\"\\0Symfony\\\\Component\\\\Mime\\\\Header\\\\AbstractHeader\\0charset\\\";s:5:\\\"utf-8\\\";}}}s:49:\\\"\\0Symfony\\\\Component\\\\Mime\\\\Header\\\\Headers\\0lineLength\\\";i:76;}i:1;N;}}}s:61:\\\"\\0Symfony\\\\Component\\\\Mailer\\\\Messenger\\\\SendEmailMessage\\0envelope\\\";N;}}','[]','default','2023-05-27 10:59:52','2023-05-27 10:59:52',NULL),(12,'O:36:\\\"Symfony\\\\Component\\\\Messenger\\\\Envelope\\\":2:{s:44:\\\"\\0Symfony\\\\Component\\\\Messenger\\\\Envelope\\0stamps\\\";a:1:{s:46:\\\"Symfony\\\\Component\\\\Messenger\\\\Stamp\\\\BusNameStamp\\\";a:1:{i:0;O:46:\\\"Symfony\\\\Component\\\\Messenger\\\\Stamp\\\\BusNameStamp\\\":1:{s:55:\\\"\\0Symfony\\\\Component\\\\Messenger\\\\Stamp\\\\BusNameStamp\\0busName\\\";s:21:\\\"messenger.bus.default\\\";}}}s:45:\\\"\\0Symfony\\\\Component\\\\Messenger\\\\Envelope\\0message\\\";O:51:\\\"Symfony\\\\Component\\\\Mailer\\\\Messenger\\\\SendEmailMessage\\\":2:{s:60:\\\"\\0Symfony\\\\Component\\\\Mailer\\\\Messenger\\\\SendEmailMessage\\0message\\\";O:39:\\\"Symfony\\\\Bridge\\\\Twig\\\\Mime\\\\TemplatedEmail\\\":4:{i:0;s:30:\\\"reset_password/email.html.twig\\\";i:1;N;i:2;a:1:{s:10:\\\"resetToken\\\";O:58:\\\"SymfonyCasts\\\\Bundle\\\\ResetPassword\\\\Model\\\\ResetPasswordToken\\\":4:{s:65:\\\"\\0SymfonyCasts\\\\Bundle\\\\ResetPassword\\\\Model\\\\ResetPasswordToken\\0token\\\";s:40:\\\"zWBIGsaba9abf4C2Wc0jmDJq1NvSUCG54uD7QBMv\\\";s:69:\\\"\\0SymfonyCasts\\\\Bundle\\\\ResetPassword\\\\Model\\\\ResetPasswordToken\\0expiresAt\\\";O:17:\\\"DateTimeImmutable\\\":3:{s:4:\\\"date\\\";s:26:\\\"2023-05-27 12:01:21.479463\\\";s:13:\\\"timezone_type\\\";i:3;s:8:\\\"timezone\\\";s:13:\\\"Europe/Berlin\\\";}s:71:\\\"\\0SymfonyCasts\\\\Bundle\\\\ResetPassword\\\\Model\\\\ResetPasswordToken\\0generatedAt\\\";i:1685178081;s:73:\\\"\\0SymfonyCasts\\\\Bundle\\\\ResetPassword\\\\Model\\\\ResetPasswordToken\\0transInterval\\\";i:1;}}i:3;a:6:{i:0;N;i:1;N;i:2;N;i:3;N;i:4;a:0:{}i:5;a:2:{i:0;O:37:\\\"Symfony\\\\Component\\\\Mime\\\\Header\\\\Headers\\\":2:{s:46:\\\"\\0Symfony\\\\Component\\\\Mime\\\\Header\\\\Headers\\0headers\\\";a:3:{s:4:\\\"from\\\";a:1:{i:0;O:47:\\\"Symfony\\\\Component\\\\Mime\\\\Header\\\\MailboxListHeader\\\":5:{s:58:\\\"\\0Symfony\\\\Component\\\\Mime\\\\Header\\\\MailboxListHeader\\0addresses\\\";a:1:{i:0;O:30:\\\"Symfony\\\\Component\\\\Mime\\\\Address\\\":2:{s:39:\\\"\\0Symfony\\\\Component\\\\Mime\\\\Address\\0address\\\";s:24:\\\"onartfastsushi@gmail.com\\\";s:36:\\\"\\0Symfony\\\\Component\\\\Mime\\\\Address\\0name\\\";s:9:\\\"FastSushi\\\";}}s:50:\\\"\\0Symfony\\\\Component\\\\Mime\\\\Header\\\\AbstractHeader\\0name\\\";s:4:\\\"From\\\";s:56:\\\"\\0Symfony\\\\Component\\\\Mime\\\\Header\\\\AbstractHeader\\0lineLength\\\";i:76;s:50:\\\"\\0Symfony\\\\Component\\\\Mime\\\\Header\\\\AbstractHeader\\0lang\\\";N;s:53:\\\"\\0Symfony\\\\Component\\\\Mime\\\\Header\\\\AbstractHeader\\0charset\\\";s:5:\\\"utf-8\\\";}}s:2:\\\"to\\\";a:1:{i:0;O:47:\\\"Symfony\\\\Component\\\\Mime\\\\Header\\\\MailboxListHeader\\\":5:{s:58:\\\"\\0Symfony\\\\Component\\\\Mime\\\\Header\\\\MailboxListHeader\\0addresses\\\";a:1:{i:0;O:30:\\\"Symfony\\\\Component\\\\Mime\\\\Address\\\":2:{s:39:\\\"\\0Symfony\\\\Component\\\\Mime\\\\Address\\0address\\\";s:25:\\\"olivier03032002@gmail.com\\\";s:36:\\\"\\0Symfony\\\\Component\\\\Mime\\\\Address\\0name\\\";s:0:\\\"\\\";}}s:50:\\\"\\0Symfony\\\\Component\\\\Mime\\\\Header\\\\AbstractHeader\\0name\\\";s:2:\\\"To\\\";s:56:\\\"\\0Symfony\\\\Component\\\\Mime\\\\Header\\\\AbstractHeader\\0lineLength\\\";i:76;s:50:\\\"\\0Symfony\\\\Component\\\\Mime\\\\Header\\\\AbstractHeader\\0lang\\\";N;s:53:\\\"\\0Symfony\\\\Component\\\\Mime\\\\Header\\\\AbstractHeader\\0charset\\\";s:5:\\\"utf-8\\\";}}s:7:\\\"subject\\\";a:1:{i:0;O:48:\\\"Symfony\\\\Component\\\\Mime\\\\Header\\\\UnstructuredHeader\\\":5:{s:55:\\\"\\0Symfony\\\\Component\\\\Mime\\\\Header\\\\UnstructuredHeader\\0value\\\";s:27:\\\"Your password reset request\\\";s:50:\\\"\\0Symfony\\\\Component\\\\Mime\\\\Header\\\\AbstractHeader\\0name\\\";s:7:\\\"Subject\\\";s:56:\\\"\\0Symfony\\\\Component\\\\Mime\\\\Header\\\\AbstractHeader\\0lineLength\\\";i:76;s:50:\\\"\\0Symfony\\\\Component\\\\Mime\\\\Header\\\\AbstractHeader\\0lang\\\";N;s:53:\\\"\\0Symfony\\\\Component\\\\Mime\\\\Header\\\\AbstractHeader\\0charset\\\";s:5:\\\"utf-8\\\";}}}s:49:\\\"\\0Symfony\\\\Component\\\\Mime\\\\Header\\\\Headers\\0lineLength\\\";i:76;}i:1;N;}}}s:61:\\\"\\0Symfony\\\\Component\\\\Mailer\\\\Messenger\\\\SendEmailMessage\\0envelope\\\";N;}}','[]','default','2023-05-27 11:01:21','2023-05-27 11:01:21',NULL),(13,'O:36:\\\"Symfony\\\\Component\\\\Messenger\\\\Envelope\\\":2:{s:44:\\\"\\0Symfony\\\\Component\\\\Messenger\\\\Envelope\\0stamps\\\";a:1:{s:46:\\\"Symfony\\\\Component\\\\Messenger\\\\Stamp\\\\BusNameStamp\\\";a:1:{i:0;O:46:\\\"Symfony\\\\Component\\\\Messenger\\\\Stamp\\\\BusNameStamp\\\":1:{s:55:\\\"\\0Symfony\\\\Component\\\\Messenger\\\\Stamp\\\\BusNameStamp\\0busName\\\";s:21:\\\"messenger.bus.default\\\";}}}s:45:\\\"\\0Symfony\\\\Component\\\\Messenger\\\\Envelope\\0message\\\";O:51:\\\"Symfony\\\\Component\\\\Mailer\\\\Messenger\\\\SendEmailMessage\\\":2:{s:60:\\\"\\0Symfony\\\\Component\\\\Mailer\\\\Messenger\\\\SendEmailMessage\\0message\\\";O:39:\\\"Symfony\\\\Bridge\\\\Twig\\\\Mime\\\\TemplatedEmail\\\":4:{i:0;s:30:\\\"reset_password/email.html.twig\\\";i:1;N;i:2;a:1:{s:10:\\\"resetToken\\\";O:58:\\\"SymfonyCasts\\\\Bundle\\\\ResetPassword\\\\Model\\\\ResetPasswordToken\\\":4:{s:65:\\\"\\0SymfonyCasts\\\\Bundle\\\\ResetPassword\\\\Model\\\\ResetPasswordToken\\0token\\\";s:40:\\\"0ZgEmIyQAFNMqm9gryrtMBhmm0Nt3KTaZ3CelWGU\\\";s:69:\\\"\\0SymfonyCasts\\\\Bundle\\\\ResetPassword\\\\Model\\\\ResetPasswordToken\\0expiresAt\\\";O:17:\\\"DateTimeImmutable\\\":3:{s:4:\\\"date\\\";s:26:\\\"2023-05-27 12:59:01.148172\\\";s:13:\\\"timezone_type\\\";i:3;s:8:\\\"timezone\\\";s:13:\\\"Europe/Berlin\\\";}s:71:\\\"\\0SymfonyCasts\\\\Bundle\\\\ResetPassword\\\\Model\\\\ResetPasswordToken\\0generatedAt\\\";i:1685181541;s:73:\\\"\\0SymfonyCasts\\\\Bundle\\\\ResetPassword\\\\Model\\\\ResetPasswordToken\\0transInterval\\\";i:1;}}i:3;a:6:{i:0;N;i:1;N;i:2;N;i:3;N;i:4;a:0:{}i:5;a:2:{i:0;O:37:\\\"Symfony\\\\Component\\\\Mime\\\\Header\\\\Headers\\\":2:{s:46:\\\"\\0Symfony\\\\Component\\\\Mime\\\\Header\\\\Headers\\0headers\\\";a:3:{s:4:\\\"from\\\";a:1:{i:0;O:47:\\\"Symfony\\\\Component\\\\Mime\\\\Header\\\\MailboxListHeader\\\":5:{s:58:\\\"\\0Symfony\\\\Component\\\\Mime\\\\Header\\\\MailboxListHeader\\0addresses\\\";a:1:{i:0;O:30:\\\"Symfony\\\\Component\\\\Mime\\\\Address\\\":2:{s:39:\\\"\\0Symfony\\\\Component\\\\Mime\\\\Address\\0address\\\";s:24:\\\"onartfastsushi@gmail.com\\\";s:36:\\\"\\0Symfony\\\\Component\\\\Mime\\\\Address\\0name\\\";s:9:\\\"FastSushi\\\";}}s:50:\\\"\\0Symfony\\\\Component\\\\Mime\\\\Header\\\\AbstractHeader\\0name\\\";s:4:\\\"From\\\";s:56:\\\"\\0Symfony\\\\Component\\\\Mime\\\\Header\\\\AbstractHeader\\0lineLength\\\";i:76;s:50:\\\"\\0Symfony\\\\Component\\\\Mime\\\\Header\\\\AbstractHeader\\0lang\\\";N;s:53:\\\"\\0Symfony\\\\Component\\\\Mime\\\\Header\\\\AbstractHeader\\0charset\\\";s:5:\\\"utf-8\\\";}}s:2:\\\"to\\\";a:1:{i:0;O:47:\\\"Symfony\\\\Component\\\\Mime\\\\Header\\\\MailboxListHeader\\\":5:{s:58:\\\"\\0Symfony\\\\Component\\\\Mime\\\\Header\\\\MailboxListHeader\\0addresses\\\";a:1:{i:0;O:30:\\\"Symfony\\\\Component\\\\Mime\\\\Address\\\":2:{s:39:\\\"\\0Symfony\\\\Component\\\\Mime\\\\Address\\0address\\\";s:25:\\\"olivier03032002@gmail.com\\\";s:36:\\\"\\0Symfony\\\\Component\\\\Mime\\\\Address\\0name\\\";s:0:\\\"\\\";}}s:50:\\\"\\0Symfony\\\\Component\\\\Mime\\\\Header\\\\AbstractHeader\\0name\\\";s:2:\\\"To\\\";s:56:\\\"\\0Symfony\\\\Component\\\\Mime\\\\Header\\\\AbstractHeader\\0lineLength\\\";i:76;s:50:\\\"\\0Symfony\\\\Component\\\\Mime\\\\Header\\\\AbstractHeader\\0lang\\\";N;s:53:\\\"\\0Symfony\\\\Component\\\\Mime\\\\Header\\\\AbstractHeader\\0charset\\\";s:5:\\\"utf-8\\\";}}s:7:\\\"subject\\\";a:1:{i:0;O:48:\\\"Symfony\\\\Component\\\\Mime\\\\Header\\\\UnstructuredHeader\\\":5:{s:55:\\\"\\0Symfony\\\\Component\\\\Mime\\\\Header\\\\UnstructuredHeader\\0value\\\";s:27:\\\"Your password reset request\\\";s:50:\\\"\\0Symfony\\\\Component\\\\Mime\\\\Header\\\\AbstractHeader\\0name\\\";s:7:\\\"Subject\\\";s:56:\\\"\\0Symfony\\\\Component\\\\Mime\\\\Header\\\\AbstractHeader\\0lineLength\\\";i:76;s:50:\\\"\\0Symfony\\\\Component\\\\Mime\\\\Header\\\\AbstractHeader\\0lang\\\";N;s:53:\\\"\\0Symfony\\\\Component\\\\Mime\\\\Header\\\\AbstractHeader\\0charset\\\";s:5:\\\"utf-8\\\";}}}s:49:\\\"\\0Symfony\\\\Component\\\\Mime\\\\Header\\\\Headers\\0lineLength\\\";i:76;}i:1;N;}}}s:61:\\\"\\0Symfony\\\\Component\\\\Mailer\\\\Messenger\\\\SendEmailMessage\\0envelope\\\";N;}}','[]','default','2023-05-27 11:59:01','2023-05-27 11:59:01',NULL),(14,'O:36:\\\"Symfony\\\\Component\\\\Messenger\\\\Envelope\\\":2:{s:44:\\\"\\0Symfony\\\\Component\\\\Messenger\\\\Envelope\\0stamps\\\";a:1:{s:46:\\\"Symfony\\\\Component\\\\Messenger\\\\Stamp\\\\BusNameStamp\\\";a:1:{i:0;O:46:\\\"Symfony\\\\Component\\\\Messenger\\\\Stamp\\\\BusNameStamp\\\":1:{s:55:\\\"\\0Symfony\\\\Component\\\\Messenger\\\\Stamp\\\\BusNameStamp\\0busName\\\";s:21:\\\"messenger.bus.default\\\";}}}s:45:\\\"\\0Symfony\\\\Component\\\\Messenger\\\\Envelope\\0message\\\";O:51:\\\"Symfony\\\\Component\\\\Mailer\\\\Messenger\\\\SendEmailMessage\\\":2:{s:60:\\\"\\0Symfony\\\\Component\\\\Mailer\\\\Messenger\\\\SendEmailMessage\\0message\\\";O:39:\\\"Symfony\\\\Bridge\\\\Twig\\\\Mime\\\\TemplatedEmail\\\":4:{i:0;s:30:\\\"reset_password/email.html.twig\\\";i:1;N;i:2;a:1:{s:10:\\\"resetToken\\\";O:58:\\\"SymfonyCasts\\\\Bundle\\\\ResetPassword\\\\Model\\\\ResetPasswordToken\\\":4:{s:65:\\\"\\0SymfonyCasts\\\\Bundle\\\\ResetPassword\\\\Model\\\\ResetPasswordToken\\0token\\\";s:40:\\\"WZGGH43WNcRsNiTJzoAHsDFTDx04z5bbXEKKzYQx\\\";s:69:\\\"\\0SymfonyCasts\\\\Bundle\\\\ResetPassword\\\\Model\\\\ResetPasswordToken\\0expiresAt\\\";O:17:\\\"DateTimeImmutable\\\":3:{s:4:\\\"date\\\";s:26:\\\"2023-05-27 13:00:26.771552\\\";s:13:\\\"timezone_type\\\";i:3;s:8:\\\"timezone\\\";s:13:\\\"Europe/Berlin\\\";}s:71:\\\"\\0SymfonyCasts\\\\Bundle\\\\ResetPassword\\\\Model\\\\ResetPasswordToken\\0generatedAt\\\";i:1685181626;s:73:\\\"\\0SymfonyCasts\\\\Bundle\\\\ResetPassword\\\\Model\\\\ResetPasswordToken\\0transInterval\\\";i:1;}}i:3;a:6:{i:0;N;i:1;N;i:2;N;i:3;N;i:4;a:0:{}i:5;a:2:{i:0;O:37:\\\"Symfony\\\\Component\\\\Mime\\\\Header\\\\Headers\\\":2:{s:46:\\\"\\0Symfony\\\\Component\\\\Mime\\\\Header\\\\Headers\\0headers\\\";a:3:{s:4:\\\"from\\\";a:1:{i:0;O:47:\\\"Symfony\\\\Component\\\\Mime\\\\Header\\\\MailboxListHeader\\\":5:{s:58:\\\"\\0Symfony\\\\Component\\\\Mime\\\\Header\\\\MailboxListHeader\\0addresses\\\";a:1:{i:0;O:30:\\\"Symfony\\\\Component\\\\Mime\\\\Address\\\":2:{s:39:\\\"\\0Symfony\\\\Component\\\\Mime\\\\Address\\0address\\\";s:24:\\\"onartfastsushi@gmail.com\\\";s:36:\\\"\\0Symfony\\\\Component\\\\Mime\\\\Address\\0name\\\";s:9:\\\"FastSushi\\\";}}s:50:\\\"\\0Symfony\\\\Component\\\\Mime\\\\Header\\\\AbstractHeader\\0name\\\";s:4:\\\"From\\\";s:56:\\\"\\0Symfony\\\\Component\\\\Mime\\\\Header\\\\AbstractHeader\\0lineLength\\\";i:76;s:50:\\\"\\0Symfony\\\\Component\\\\Mime\\\\Header\\\\AbstractHeader\\0lang\\\";N;s:53:\\\"\\0Symfony\\\\Component\\\\Mime\\\\Header\\\\AbstractHeader\\0charset\\\";s:5:\\\"utf-8\\\";}}s:2:\\\"to\\\";a:1:{i:0;O:47:\\\"Symfony\\\\Component\\\\Mime\\\\Header\\\\MailboxListHeader\\\":5:{s:58:\\\"\\0Symfony\\\\Component\\\\Mime\\\\Header\\\\MailboxListHeader\\0addresses\\\";a:1:{i:0;O:30:\\\"Symfony\\\\Component\\\\Mime\\\\Address\\\":2:{s:39:\\\"\\0Symfony\\\\Component\\\\Mime\\\\Address\\0address\\\";s:25:\\\"olivier03032002@gmail.com\\\";s:36:\\\"\\0Symfony\\\\Component\\\\Mime\\\\Address\\0name\\\";s:0:\\\"\\\";}}s:50:\\\"\\0Symfony\\\\Component\\\\Mime\\\\Header\\\\AbstractHeader\\0name\\\";s:2:\\\"To\\\";s:56:\\\"\\0Symfony\\\\Component\\\\Mime\\\\Header\\\\AbstractHeader\\0lineLength\\\";i:76;s:50:\\\"\\0Symfony\\\\Component\\\\Mime\\\\Header\\\\AbstractHeader\\0lang\\\";N;s:53:\\\"\\0Symfony\\\\Component\\\\Mime\\\\Header\\\\AbstractHeader\\0charset\\\";s:5:\\\"utf-8\\\";}}s:7:\\\"subject\\\";a:1:{i:0;O:48:\\\"Symfony\\\\Component\\\\Mime\\\\Header\\\\UnstructuredHeader\\\":5:{s:55:\\\"\\0Symfony\\\\Component\\\\Mime\\\\Header\\\\UnstructuredHeader\\0value\\\";s:27:\\\"Your password reset request\\\";s:50:\\\"\\0Symfony\\\\Component\\\\Mime\\\\Header\\\\AbstractHeader\\0name\\\";s:7:\\\"Subject\\\";s:56:\\\"\\0Symfony\\\\Component\\\\Mime\\\\Header\\\\AbstractHeader\\0lineLength\\\";i:76;s:50:\\\"\\0Symfony\\\\Component\\\\Mime\\\\Header\\\\AbstractHeader\\0lang\\\";N;s:53:\\\"\\0Symfony\\\\Component\\\\Mime\\\\Header\\\\AbstractHeader\\0charset\\\";s:5:\\\"utf-8\\\";}}}s:49:\\\"\\0Symfony\\\\Component\\\\Mime\\\\Header\\\\Headers\\0lineLength\\\";i:76;}i:1;N;}}}s:61:\\\"\\0Symfony\\\\Component\\\\Mailer\\\\Messenger\\\\SendEmailMessage\\0envelope\\\";N;}}','[]','default','2023-05-27 12:00:26','2023-05-27 12:00:26',NULL),(15,'O:36:\\\"Symfony\\\\Component\\\\Messenger\\\\Envelope\\\":2:{s:44:\\\"\\0Symfony\\\\Component\\\\Messenger\\\\Envelope\\0stamps\\\";a:1:{s:46:\\\"Symfony\\\\Component\\\\Messenger\\\\Stamp\\\\BusNameStamp\\\";a:1:{i:0;O:46:\\\"Symfony\\\\Component\\\\Messenger\\\\Stamp\\\\BusNameStamp\\\":1:{s:55:\\\"\\0Symfony\\\\Component\\\\Messenger\\\\Stamp\\\\BusNameStamp\\0busName\\\";s:21:\\\"messenger.bus.default\\\";}}}s:45:\\\"\\0Symfony\\\\Component\\\\Messenger\\\\Envelope\\0message\\\";O:51:\\\"Symfony\\\\Component\\\\Mailer\\\\Messenger\\\\SendEmailMessage\\\":2:{s:60:\\\"\\0Symfony\\\\Component\\\\Mailer\\\\Messenger\\\\SendEmailMessage\\0message\\\";O:39:\\\"Symfony\\\\Bridge\\\\Twig\\\\Mime\\\\TemplatedEmail\\\":4:{i:0;s:30:\\\"reset_password/email.html.twig\\\";i:1;N;i:2;a:1:{s:10:\\\"resetToken\\\";O:58:\\\"SymfonyCasts\\\\Bundle\\\\ResetPassword\\\\Model\\\\ResetPasswordToken\\\":4:{s:65:\\\"\\0SymfonyCasts\\\\Bundle\\\\ResetPassword\\\\Model\\\\ResetPasswordToken\\0token\\\";s:40:\\\"RYx12gyY2QNe917Kz0JeMOY951oMClpFTzbiNsgY\\\";s:69:\\\"\\0SymfonyCasts\\\\Bundle\\\\ResetPassword\\\\Model\\\\ResetPasswordToken\\0expiresAt\\\";O:17:\\\"DateTimeImmutable\\\":3:{s:4:\\\"date\\\";s:26:\\\"2023-05-27 13:27:32.781281\\\";s:13:\\\"timezone_type\\\";i:3;s:8:\\\"timezone\\\";s:13:\\\"Europe/Berlin\\\";}s:71:\\\"\\0SymfonyCasts\\\\Bundle\\\\ResetPassword\\\\Model\\\\ResetPasswordToken\\0generatedAt\\\";i:1685183252;s:73:\\\"\\0SymfonyCasts\\\\Bundle\\\\ResetPassword\\\\Model\\\\ResetPasswordToken\\0transInterval\\\";i:1;}}i:3;a:6:{i:0;N;i:1;N;i:2;N;i:3;N;i:4;a:0:{}i:5;a:2:{i:0;O:37:\\\"Symfony\\\\Component\\\\Mime\\\\Header\\\\Headers\\\":2:{s:46:\\\"\\0Symfony\\\\Component\\\\Mime\\\\Header\\\\Headers\\0headers\\\";a:3:{s:4:\\\"from\\\";a:1:{i:0;O:47:\\\"Symfony\\\\Component\\\\Mime\\\\Header\\\\MailboxListHeader\\\":5:{s:58:\\\"\\0Symfony\\\\Component\\\\Mime\\\\Header\\\\MailboxListHeader\\0addresses\\\";a:1:{i:0;O:30:\\\"Symfony\\\\Component\\\\Mime\\\\Address\\\":2:{s:39:\\\"\\0Symfony\\\\Component\\\\Mime\\\\Address\\0address\\\";s:24:\\\"onartfastsushi@gmail.com\\\";s:36:\\\"\\0Symfony\\\\Component\\\\Mime\\\\Address\\0name\\\";s:9:\\\"FastSushi\\\";}}s:50:\\\"\\0Symfony\\\\Component\\\\Mime\\\\Header\\\\AbstractHeader\\0name\\\";s:4:\\\"From\\\";s:56:\\\"\\0Symfony\\\\Component\\\\Mime\\\\Header\\\\AbstractHeader\\0lineLength\\\";i:76;s:50:\\\"\\0Symfony\\\\Component\\\\Mime\\\\Header\\\\AbstractHeader\\0lang\\\";N;s:53:\\\"\\0Symfony\\\\Component\\\\Mime\\\\Header\\\\AbstractHeader\\0charset\\\";s:5:\\\"utf-8\\\";}}s:2:\\\"to\\\";a:1:{i:0;O:47:\\\"Symfony\\\\Component\\\\Mime\\\\Header\\\\MailboxListHeader\\\":5:{s:58:\\\"\\0Symfony\\\\Component\\\\Mime\\\\Header\\\\MailboxListHeader\\0addresses\\\";a:1:{i:0;O:30:\\\"Symfony\\\\Component\\\\Mime\\\\Address\\\":2:{s:39:\\\"\\0Symfony\\\\Component\\\\Mime\\\\Address\\0address\\\";s:25:\\\"olivier03032002@gmail.com\\\";s:36:\\\"\\0Symfony\\\\Component\\\\Mime\\\\Address\\0name\\\";s:0:\\\"\\\";}}s:50:\\\"\\0Symfony\\\\Component\\\\Mime\\\\Header\\\\AbstractHeader\\0name\\\";s:2:\\\"To\\\";s:56:\\\"\\0Symfony\\\\Component\\\\Mime\\\\Header\\\\AbstractHeader\\0lineLength\\\";i:76;s:50:\\\"\\0Symfony\\\\Component\\\\Mime\\\\Header\\\\AbstractHeader\\0lang\\\";N;s:53:\\\"\\0Symfony\\\\Component\\\\Mime\\\\Header\\\\AbstractHeader\\0charset\\\";s:5:\\\"utf-8\\\";}}s:7:\\\"subject\\\";a:1:{i:0;O:48:\\\"Symfony\\\\Component\\\\Mime\\\\Header\\\\UnstructuredHeader\\\":5:{s:55:\\\"\\0Symfony\\\\Component\\\\Mime\\\\Header\\\\UnstructuredHeader\\0value\\\";s:27:\\\"Your password reset request\\\";s:50:\\\"\\0Symfony\\\\Component\\\\Mime\\\\Header\\\\AbstractHeader\\0name\\\";s:7:\\\"Subject\\\";s:56:\\\"\\0Symfony\\\\Component\\\\Mime\\\\Header\\\\AbstractHeader\\0lineLength\\\";i:76;s:50:\\\"\\0Symfony\\\\Component\\\\Mime\\\\Header\\\\AbstractHeader\\0lang\\\";N;s:53:\\\"\\0Symfony\\\\Component\\\\Mime\\\\Header\\\\AbstractHeader\\0charset\\\";s:5:\\\"utf-8\\\";}}}s:49:\\\"\\0Symfony\\\\Component\\\\Mime\\\\Header\\\\Headers\\0lineLength\\\";i:76;}i:1;N;}}}s:61:\\\"\\0Symfony\\\\Component\\\\Mailer\\\\Messenger\\\\SendEmailMessage\\0envelope\\\";N;}}','[]','default','2023-05-27 12:27:32','2023-05-27 12:27:32',NULL);
/*!40000 ALTER TABLE `messenger_messages` ENABLE KEYS */;
UNLOCK TABLES;

--
-- Table structure for table `reset_password_request`
--

DROP TABLE IF EXISTS `reset_password_request`;
/*!40101 SET @saved_cs_client     = @@character_set_client */;
/*!40101 SET character_set_client = utf8 */;
CREATE TABLE `reset_password_request` (
  `id` int(11) NOT NULL AUTO_INCREMENT,
  `selector` varchar(20) NOT NULL,
  `hashed_token` varchar(100) NOT NULL,
  `requested_at` datetime NOT NULL COMMENT '(DC2Type:datetime_immutable)',
  `expires_at` datetime NOT NULL COMMENT '(DC2Type:datetime_immutable)',
  `idUtilisateur` int(11) DEFAULT NULL,
  PRIMARY KEY (`id`),
  KEY `IDX_7CE748A5D419CCB` (`idUtilisateur`),
  CONSTRAINT `FK_7CE748A5D419CCB` FOREIGN KEY (`idUtilisateur`) REFERENCES `Utilisateur` (`Id_Utilisateur`)
) ENGINE=InnoDB AUTO_INCREMENT=2 DEFAULT CHARSET=utf8mb4 COLLATE=utf8mb4_unicode_ci;
/*!40101 SET character_set_client = @saved_cs_client */;

--
-- Dumping data for table `reset_password_request`
--

LOCK TABLES `reset_password_request` WRITE;
/*!40000 ALTER TABLE `reset_password_request` DISABLE KEYS */;
/*!40000 ALTER TABLE `reset_password_request` ENABLE KEYS */;
UNLOCK TABLES;
/*!40103 SET TIME_ZONE=@OLD_TIME_ZONE */;

/*!40101 SET SQL_MODE=@OLD_SQL_MODE */;
/*!40014 SET FOREIGN_KEY_CHECKS=@OLD_FOREIGN_KEY_CHECKS */;
/*!40014 SET UNIQUE_CHECKS=@OLD_UNIQUE_CHECKS */;
/*!40101 SET CHARACTER_SET_CLIENT=@OLD_CHARACTER_SET_CLIENT */;
/*!40101 SET CHARACTER_SET_RESULTS=@OLD_CHARACTER_SET_RESULTS */;
/*!40101 SET COLLATION_CONNECTION=@OLD_COLLATION_CONNECTION */;
/*!40111 SET SQL_NOTES=@OLD_SQL_NOTES */;

-- Dump completed on 2023-05-30  2:07:33
